epoch,step,train_loss_epoch,train_loss_step,val_loss_epoch,val_loss_step
,0,,,,2.013906240463257
0,1,,,2.013906240463257,
0,1,2.023142099380493,,,
,1,,,,1.894803762435913
1,3,,,1.894803762435913,
1,3,1.9783438444137573,,,
,2,,,,1.8515287637710571
2,5,,,1.8515287637710571,
2,5,1.7401938438415527,,,
,3,,,,1.8972241878509521
3,7,,,1.8972240686416626,
3,7,1.7218267917633057,,,
,4,,,,1.9086089134216309
4,9,,,1.9086089134216309,
4,9,1.682733416557312,,,
,5,,,,1.616451382637024
5,11,,,1.616451382637024,
5,11,1.6961355209350586,,,
,6,,,,1.6150200366973877
6,13,,,1.6150200366973877,
6,13,1.6052768230438232,,,
,7,,,,1.648250699043274
7,15,,,1.648250699043274,
7,15,1.5638136863708496,,,
,8,,,,1.6241424083709717
8,17,,,1.6241424083709717,
8,17,1.4894721508026123,,,
,9,,,,1.403109073638916
9,19,,,1.403109073638916,
9,19,1.3828274011611938,,,
,10,,,,1.315220594406128
10,21,,,1.315220594406128,
10,21,1.3560808897018433,,,
,11,,,,1.4837350845336914
11,23,,,1.4837350845336914,
11,23,1.4228399991989136,,,
,12,,,,1.2224013805389404
12,25,,,1.2224013805389404,
12,25,1.319169521331787,,,
,13,,,,1.1786364316940308
13,27,,,1.1786364316940308,
13,27,1.4032909870147705,,,
,14,,,,1.4309041500091553
14,29,,,1.4309040307998657,
14,29,1.3526718616485596,,,
,15,,,,1.344193935394287
15,31,,,1.344193935394287,
15,31,1.4007065296173096,,,
,16,,,,1.3436832427978516
16,33,,,1.343683123588562,
16,33,1.2414908409118652,,,
,17,,,,0.9417471885681152
17,35,,,0.9417471885681152,
17,35,1.2811915874481201,,,
,18,,,,1.251402497291565
18,37,,,1.251402497291565,
18,37,1.4965605735778809,,,
,19,,,,1.6431050300598145
19,39,,,1.6431050300598145,
19,39,1.3613364696502686,,,
,20,,,,1.2425830364227295
20,41,,,1.2425830364227295,
20,41,1.2792092561721802,,,
,21,,,,1.2161507606506348
21,43,,,1.2161507606506348,
21,43,1.2991464138031006,,,
,22,,,,1.1623709201812744
22,45,,,1.1623709201812744,
22,45,1.1725239753723145,,,
,23,,,,1.2425963878631592
23,47,,,1.2425963878631592,
23,47,1.1383469104766846,,,
24,49,,1.1905624866485596,,
,24,,,,1.4483859539031982
24,49,,,1.4483859539031982,
24,49,1.241200566291809,,,
,25,,,,1.207504153251648
25,51,,,1.207504153251648,
25,51,1.351943016052246,,,
,26,,,,1.204593539237976
26,53,,,1.204593539237976,
26,53,1.2892005443572998,,,
,27,,,,1.1884639263153076
27,55,,,1.1884639263153076,
27,55,1.219017744064331,,,
,28,,,,1.3206359148025513
28,57,,,1.3206360340118408,
28,57,1.305180549621582,,,
,29,,,,1.3452438116073608
29,59,,,1.3452438116073608,
29,59,1.173069953918457,,,
,30,,,,1.2695456743240356
30,61,,,1.2695456743240356,
30,61,1.094038963317871,,,
,31,,,,1.417100429534912
31,63,,,1.417100429534912,
31,63,1.1226714849472046,,,
,32,,,,1.2100940942764282
32,65,,,1.2100940942764282,
32,65,1.1635135412216187,,,
,33,,,,1.0897048711776733
33,67,,,1.0897048711776733,
33,67,1.2453222274780273,,,
,34,,,,1.217159628868103
34,69,,,1.217159628868103,
34,69,1.3154722452163696,,,
,35,,,,1.1640334129333496
35,71,,,1.1640334129333496,
35,71,1.272945761680603,,,
,36,,,,1.4329349994659424
36,73,,,1.4329349994659424,
36,73,1.0438166856765747,,,
,37,,,,1.1548844575881958
37,75,,,1.1548844575881958,
37,75,1.1157310009002686,,,
,38,,,,1.3911280632019043
38,77,,,1.3911280632019043,
38,77,1.3634549379348755,,,
,39,,,,1.3294357061386108
39,79,,,1.3294357061386108,
39,79,1.2936100959777832,,,
,40,,,,1.1490161418914795
40,81,,,1.1490161418914795,
40,81,1.1760504245758057,,,
,41,,,,1.0674344301223755
41,83,,,1.0674344301223755,
41,83,1.2510466575622559,,,
,42,,,,1.405635952949524
42,85,,,1.405635952949524,
42,85,1.1260910034179688,,,
,43,,,,1.0414081811904907
43,87,,,1.0414081811904907,
43,87,1.1634843349456787,,,
,44,,,,1.2383235692977905
44,89,,,1.2383235692977905,
44,89,1.3315327167510986,,,
,45,,,,1.3183138370513916
45,91,,,1.3183139562606812,
45,91,1.1703922748565674,,,
,46,,,,1.3674054145812988
46,93,,,1.3674054145812988,
46,93,1.1960867643356323,,,
,47,,,,1.3034170866012573
47,95,,,1.3034170866012573,
47,95,1.1845349073410034,,,
,48,,,,1.1748285293579102
48,97,,,1.1748285293579102,
48,97,1.1661884784698486,,,
49,99,,1.2556673288345337,,
,49,,,,1.2561876773834229
49,99,,,1.2561876773834229,
49,99,1.2329429388046265,,,
,50,,,,1.3130519390106201
50,101,,,1.3130519390106201,
50,101,1.1606156826019287,,,
,51,,,,1.2075178623199463
51,103,,,1.2075178623199463,
51,103,1.1220916509628296,,,
,52,,,,1.1895655393600464
52,105,,,1.1895655393600464,
52,105,1.1182513236999512,,,
,53,,,,1.1084041595458984
53,107,,,1.1084041595458984,
53,107,1.2201738357543945,,,
,54,,,,1.2902895212173462
54,109,,,1.2902894020080566,
54,109,1.138290524482727,,,
,55,,,,1.0492674112319946
55,111,,,1.0492674112319946,
55,111,1.1210761070251465,,,
,56,,,,1.1261135339736938
56,113,,,1.1261135339736938,
56,113,1.2199373245239258,,,
,57,,,,1.1733677387237549
57,115,,,1.1733677387237549,
57,115,1.136711835861206,,,
,58,,,,1.1177948713302612
58,117,,,1.1177948713302612,
58,117,1.1327235698699951,,,
,59,,,,1.0538904666900635
59,119,,,1.0538904666900635,
59,119,1.1876497268676758,,,
,60,,,,1.1269056797027588
60,121,,,1.1269056797027588,
60,121,1.1547337770462036,,,
,61,,,,1.1287509202957153
61,123,,,1.1287509202957153,
61,123,1.0768744945526123,,,
,62,,,,1.087112545967102
62,125,,,1.087112545967102,
62,125,1.1297063827514648,,,
,63,,,,1.0577625036239624
63,127,,,1.0577625036239624,
63,127,1.1867636442184448,,,
,64,,,,1.0276901721954346
64,129,,,1.0276901721954346,
64,129,1.1955339908599854,,,
,65,,,,1.1300652027130127
65,131,,,1.1300652027130127,
65,131,1.1073696613311768,,,
,66,,,,1.12996244430542
66,133,,,1.12996244430542,
66,133,1.0549370050430298,,,
,67,,,,0.9989199042320251
67,135,,,0.9989199042320251,
67,135,1.1781009435653687,,,
,68,,,,1.1034305095672607
68,137,,,1.1034305095672607,
68,137,1.1026357412338257,,,
,69,,,,1.1469473838806152
69,139,,,1.1469473838806152,
69,139,1.1611452102661133,,,
,70,,,,1.1284641027450562
70,141,,,1.1284641027450562,
70,141,1.1537668704986572,,,
,71,,,,1.225831151008606
71,143,,,1.225831151008606,
71,143,1.0751487016677856,,,
,72,,,,1.2809182405471802
72,145,,,1.2809182405471802,
72,145,1.0340346097946167,,,
,73,,,,1.2828755378723145
73,147,,,1.2828755378723145,
73,147,1.1358779668807983,,,
74,149,,1.2745112180709839,,
,74,,,,0.992833137512207
74,149,,,0.9928330779075623,
74,149,1.247349500656128,,,
,75,,,,1.1401550769805908
75,151,,,1.1401550769805908,
75,151,1.0528734922409058,,,
,76,,,,1.199711561203003
76,153,,,1.199711561203003,
76,153,1.047286868095398,,,
,77,,,,1.1956658363342285
77,155,,,1.1956658363342285,
77,155,1.1546897888183594,,,
,78,,,,1.107965111732483
78,157,,,1.107965111732483,
78,157,1.1031479835510254,,,
,79,,,,1.1376944780349731
79,159,,,1.1376944780349731,
79,159,1.3266513347625732,,,
,80,,,,1.1472920179367065
80,161,,,1.1472920179367065,
80,161,1.1791975498199463,,,
,81,,,,1.1477563381195068
81,163,,,1.1477563381195068,
81,163,1.0890510082244873,,,
,82,,,,1.2564436197280884
82,165,,,1.2564436197280884,
82,165,1.327225923538208,,,
,83,,,,1.0448578596115112
83,167,,,1.0448578596115112,
83,167,1.0635889768600464,,,
,84,,,,1.1789501905441284
84,169,,,1.1789501905441284,
84,169,1.1285226345062256,,,
,85,,,,1.3341927528381348
85,171,,,1.3341927528381348,
85,171,1.119067668914795,,,
,86,,,,1.1497864723205566
86,173,,,1.1497864723205566,
86,173,1.1554388999938965,,,
,87,,,,1.291195273399353
87,175,,,1.291195273399353,
87,175,1.0670315027236938,,,
,88,,,,1.2716530561447144
88,177,,,1.2716530561447144,
88,177,1.0920708179473877,,,
,89,,,,0.8999252915382385
89,179,,,0.8999252915382385,
89,179,1.2342920303344727,,,
,90,,,,1.4142155647277832
90,181,,,1.4142155647277832,
90,181,1.2940573692321777,,,
,91,,,,1.177894949913025
91,183,,,1.177894949913025,
91,183,1.0773227214813232,,,
,92,,,,1.2314115762710571
92,185,,,1.2314115762710571,
92,185,1.2691984176635742,,,
,93,,,,1.3243476152420044
93,187,,,1.324347734451294,
93,187,1.1569523811340332,,,
,94,,,,1.0012879371643066
94,189,,,1.0012879371643066,
94,189,1.0608314275741577,,,
,95,,,,1.1417498588562012
95,191,,,1.1417498588562012,
95,191,0.9912420511245728,,,
,96,,,,1.0031542778015137
96,193,,,1.0031542778015137,
96,193,1.0948256254196167,,,
,97,,,,1.1161197423934937
97,195,,,1.1161197423934937,
97,195,0.9276697039604187,,,
,98,,,,1.082749843597412
98,197,,,1.082749843597412,
98,197,1.233281135559082,,,
99,199,,1.169804573059082,,
,99,,,,1.3988391160964966
99,199,,,1.3988391160964966,
99,199,1.20982027053833,,,
,100,,,,0.9665532112121582
100,201,,,0.9665532112121582,
100,201,1.0739359855651855,,,
,101,,,,1.243666172027588
101,203,,,1.243666172027588,
101,203,1.1639912128448486,,,
,102,,,,1.2022042274475098
102,205,,,1.2022042274475098,
102,205,1.1805615425109863,,,
,103,,,,1.2651324272155762
103,207,,,1.2651324272155762,
103,207,1.1658446788787842,,,
,104,,,,1.1537508964538574
104,209,,,1.1537508964538574,
104,209,1.0470941066741943,,,
,105,,,,1.1386847496032715
105,211,,,1.1386847496032715,
105,211,1.0610442161560059,,,
,106,,,,1.0703552961349487
106,213,,,1.0703552961349487,
106,213,1.1868488788604736,,,
,107,,,,1.2173655033111572
107,215,,,1.2173655033111572,
107,215,1.2238490581512451,,,
,108,,,,1.1107466220855713
108,217,,,1.1107466220855713,
108,217,1.088315486907959,,,
,109,,,,0.9324570894241333
109,219,,,0.9324571490287781,
109,219,1.2516101598739624,,,
,110,,,,1.5112369060516357
110,221,,,1.5112369060516357,
110,221,1.1932846307754517,,,
,111,,,,1.2389789819717407
111,223,,,1.2389789819717407,
111,223,0.9974270462989807,,,
,112,,,,1.0378328561782837
112,225,,,1.0378328561782837,
112,225,1.0604429244995117,,,
,113,,,,1.0294753313064575
113,227,,,1.0294753313064575,
113,227,1.0815101861953735,,,
,114,,,,1.0432329177856445
114,229,,,1.0432329177856445,
114,229,1.1728973388671875,,,
,115,,,,1.134502649307251
115,231,,,1.134502649307251,
115,231,1.1776909828186035,,,
,116,,,,1.1326491832733154
116,233,,,1.1326491832733154,
116,233,1.217209815979004,,,
,117,,,,1.2491658926010132
117,235,,,1.2491658926010132,
117,235,1.104966402053833,,,
,118,,,,1.2028141021728516
118,237,,,1.2028141021728516,
118,237,1.1127655506134033,,,
,119,,,,1.2051210403442383
119,239,,,1.2051210403442383,
119,239,1.187207818031311,,,
,120,,,,0.9739178419113159
120,241,,,0.9739178419113159,
120,241,1.1558384895324707,,,
,121,,,,1.0908968448638916
121,243,,,1.0908968448638916,
121,243,0.9678491353988647,,,
,122,,,,1.271219253540039
122,245,,,1.271219253540039,
122,245,1.0006341934204102,,,
,123,,,,1.4247649908065796
123,247,,,1.4247649908065796,
123,247,1.1912026405334473,,,
124,249,,1.161694049835205,,
,124,,,,1.262189507484436
124,249,,,1.262189507484436,
124,249,1.1936333179473877,,,
,125,,,,1.071183681488037
125,251,,,1.071183681488037,
125,251,1.1081699132919312,,,
,126,,,,1.012465000152588
126,253,,,1.012465000152588,
126,253,1.0447473526000977,,,
,127,,,,0.9444292783737183
127,255,,,0.9444292187690735,
127,255,1.1496281623840332,,,
,128,,,,1.2506182193756104
128,257,,,1.2506182193756104,
128,257,0.9191768169403076,,,
,129,,,,1.1057549715042114
129,259,,,1.1057549715042114,
129,259,1.1207983493804932,,,
,130,,,,1.202297329902649
130,261,,,1.202297329902649,
130,261,1.0979936122894287,,,
,131,,,,1.1061862707138062
131,263,,,1.1061862707138062,
131,263,1.0829397439956665,,,
,132,,,,1.1110459566116333
132,265,,,1.1110459566116333,
132,265,1.1055294275283813,,,
,133,,,,1.0649309158325195
133,267,,,1.0649309158325195,
133,267,1.1017522811889648,,,
,134,,,,0.9873860478401184
134,269,,,0.9873859882354736,
134,269,1.159979224205017,,,
,135,,,,1.1053937673568726
135,271,,,1.1053937673568726,
135,271,1.1947523355484009,,,
,136,,,,1.1975775957107544
136,273,,,1.1975775957107544,
136,273,1.0556963682174683,,,
,137,,,,1.3832411766052246
137,275,,,1.3832411766052246,
137,275,1.233243465423584,,,
,138,,,,1.3558913469314575
138,277,,,1.355891466140747,
138,277,1.17500638961792,,,
,139,,,,1.1727207899093628
139,279,,,1.1727207899093628,
139,279,0.9945955872535706,,,
,140,,,,1.3184796571731567
140,281,,,1.3184796571731567,
140,281,1.1792235374450684,,,
,141,,,,1.1251574754714966
141,283,,,1.1251574754714966,
141,283,1.2138698101043701,,,
,142,,,,1.2820488214492798
142,285,,,1.2820488214492798,
142,285,1.127853512763977,,,
,143,,,,1.229245662689209
143,287,,,1.229245662689209,
143,287,1.1361604928970337,,,
,144,,,,1.012346863746643
144,289,,,1.012346863746643,
144,289,1.0166847705841064,,,
,145,,,,1.0774409770965576
145,291,,,1.0774409770965576,
145,291,1.2162669897079468,,,
,146,,,,1.251380205154419
146,293,,,1.251380205154419,
146,293,1.1640217304229736,,,
,147,,,,1.1801559925079346
147,295,,,1.1801559925079346,
147,295,1.0207675695419312,,,
,148,,,,1.2534778118133545
148,297,,,1.2534778118133545,
148,297,1.3370118141174316,,,
149,299,,1.0109546184539795,,
,149,,,,1.0763745307922363
149,299,,,1.0763745307922363,
149,299,1.0365853309631348,,,
,150,,,,1.2670824527740479
150,301,,,1.2670824527740479,
150,301,1.120274305343628,,,
,151,,,,1.290297031402588
151,303,,,1.290297031402588,
151,303,1.0730339288711548,,,
,152,,,,1.173606276512146
152,305,,,1.173606276512146,
152,305,1.2252694368362427,,,
,153,,,,1.0850789546966553
153,307,,,1.0850789546966553,
153,307,1.1175205707550049,,,
,154,,,,1.1151069402694702
154,309,,,1.1151069402694702,
154,309,1.1230385303497314,,,
,155,,,,1.1378003358840942
155,311,,,1.1378003358840942,
155,311,1.0895881652832031,,,
,156,,,,0.9415798187255859
156,313,,,0.9415798187255859,
156,313,1.0663092136383057,,,
,157,,,,1.0158679485321045
157,315,,,1.0158679485321045,
157,315,1.049894094467163,,,
,158,,,,1.3241369724273682
158,317,,,1.3241369724273682,
158,317,1.1175217628479004,,,
,159,,,,1.1791846752166748
159,319,,,1.1791846752166748,
159,319,1.0450860261917114,,,
,160,,,,1.0500231981277466
160,321,,,1.0500231981277466,
160,321,1.1476421356201172,,,
,161,,,,1.3223797082901
161,323,,,1.3223797082901,
161,323,1.3508316278457642,,,
,162,,,,1.203956127166748
162,325,,,1.203956127166748,
162,325,1.0306675434112549,,,
,163,,,,1.2089272737503052
163,327,,,1.2089272737503052,
163,327,0.9984776377677917,,,
,164,,,,1.1067841053009033
164,329,,,1.1067841053009033,
164,329,1.0930613279342651,,,
,165,,,,0.9993211627006531
165,331,,,0.9993211627006531,
165,331,1.0693602561950684,,,
,166,,,,1.2282493114471436
166,333,,,1.2282493114471436,
166,333,1.285262942314148,,,
,167,,,,1.035365343093872
167,335,,,1.035365343093872,
167,335,1.0121846199035645,,,
,168,,,,1.2943695783615112
168,337,,,1.2943694591522217,
168,337,1.1057429313659668,,,
,169,,,,1.0970773696899414
169,339,,,1.0970773696899414,
169,339,1.0151829719543457,,,
,170,,,,1.077344536781311
170,341,,,1.077344536781311,
170,341,1.1366050243377686,,,
,171,,,,1.1272624731063843
171,343,,,1.1272624731063843,
171,343,1.1400560140609741,,,
,172,,,,1.342972993850708
172,345,,,1.342972993850708,
172,345,1.2350492477416992,,,
,173,,,,1.027698278427124
173,347,,,1.027698278427124,
173,347,1.0942091941833496,,,
174,349,,1.2112094163894653,,
,174,,,,1.0159302949905396
174,349,,,1.0159302949905396,
174,349,1.1302998065948486,,,
,175,,,,1.029534935951233
175,351,,,1.029534935951233,
175,351,1.1567455530166626,,,
,176,,,,1.0329492092132568
176,353,,,1.0329492092132568,
176,353,1.1761157512664795,,,
,177,,,,0.9618567824363708
177,355,,,0.9618567824363708,
177,355,1.0565001964569092,,,
,178,,,,1.2363989353179932
178,357,,,1.2363989353179932,
178,357,1.0566420555114746,,,
,179,,,,0.9812873601913452
179,359,,,0.9812873601913452,
179,359,1.1576157808303833,,,
,180,,,,1.1154494285583496
180,361,,,1.1154494285583496,
180,361,1.2018226385116577,,,
,181,,,,1.345212697982788
181,363,,,1.345212697982788,
181,363,1.053032636642456,,,
,182,,,,1.1895192861557007
182,365,,,1.1895192861557007,
182,365,0.9868822693824768,,,
,183,,,,1.0657927989959717
183,367,,,1.0657927989959717,
183,367,1.1603035926818848,,,
,184,,,,1.1408250331878662
184,369,,,1.1408250331878662,
184,369,1.0944502353668213,,,
,185,,,,1.0719624757766724
185,371,,,1.0719624757766724,
185,371,1.1126867532730103,,,
,186,,,,0.917026162147522
186,373,,,0.917026162147522,
186,373,0.9349765777587891,,,
,187,,,,1.395528793334961
187,375,,,1.3955289125442505,
187,375,0.9511264562606812,,,
,188,,,,1.0430794954299927
188,377,,,1.0430794954299927,
188,377,1.1934237480163574,,,
,189,,,,1.1439030170440674
189,379,,,1.1439030170440674,
189,379,1.055817723274231,,,
,190,,,,1.1934831142425537
190,381,,,1.1934831142425537,
190,381,1.1993794441223145,,,
,191,,,,1.250368595123291
191,383,,,1.250368595123291,
191,383,1.0739657878875732,,,
,192,,,,1.354690432548523
192,385,,,1.354690432548523,
192,385,0.9488005042076111,,,
,193,,,,0.9585307836532593
193,387,,,0.9585307836532593,
193,387,1.1517364978790283,,,
,194,,,,1.1019089221954346
194,389,,,1.1019089221954346,
194,389,1.1469411849975586,,,
,195,,,,1.192259430885315
195,391,,,1.192259430885315,
195,391,1.0100173950195312,,,
,196,,,,1.2132008075714111
196,393,,,1.2132008075714111,
196,393,0.9853665828704834,,,
,197,,,,1.0572150945663452
197,395,,,1.0572150945663452,
197,395,1.1392779350280762,,,
,198,,,,1.2415603399276733
198,397,,,1.2415603399276733,
198,397,1.3088167905807495,,,
199,399,,1.1756813526153564,,
,199,,,,0.9161251783370972
199,399,,,0.9161251783370972,
199,399,1.2226457595825195,,,
,200,,,,1.0466578006744385
200,401,,,1.0466578006744385,
200,401,1.2564083337783813,,,
,201,,,,1.105164647102356
201,403,,,1.105164647102356,
201,403,1.2001910209655762,,,
,202,,,,1.0841947793960571
202,405,,,1.0841947793960571,
202,405,1.1927154064178467,,,
,203,,,,1.1521294116973877
203,407,,,1.1521294116973877,
203,407,1.0804598331451416,,,
,204,,,,0.9577410817146301
204,409,,,0.9577410817146301,
204,409,0.9781439304351807,,,
,205,,,,1.1867055892944336
205,411,,,1.1867055892944336,
205,411,1.0391321182250977,,,
,206,,,,1.3931747674942017
206,413,,,1.3931747674942017,
206,413,1.0896151065826416,,,
,207,,,,1.3945504426956177
207,415,,,1.3945504426956177,
207,415,1.1661958694458008,,,
,208,,,,1.1175258159637451
208,417,,,1.1175258159637451,
208,417,1.1134533882141113,,,
,209,,,,1.1049702167510986
209,419,,,1.1049702167510986,
209,419,0.9996026754379272,,,
,210,,,,1.0838950872421265
210,421,,,1.0838950872421265,
210,421,1.0584135055541992,,,
,211,,,,0.9228863716125488
211,423,,,0.9228863716125488,
211,423,1.2429982423782349,,,
,212,,,,1.3104243278503418
212,425,,,1.3104243278503418,
212,425,1.0192139148712158,,,
,213,,,,0.9960068464279175
213,427,,,0.9960068464279175,
213,427,1.2173336744308472,,,
,214,,,,0.9754008650779724
214,429,,,0.9754008650779724,
214,429,1.0412977933883667,,,
,215,,,,0.933754563331604
215,431,,,0.933754563331604,
215,431,1.19391667842865,,,
,216,,,,0.91008460521698
216,433,,,0.91008460521698,
216,433,1.084659457206726,,,
,217,,,,1.167447566986084
217,435,,,1.167447566986084,
217,435,0.9692633748054504,,,
,218,,,,1.2953057289123535
218,437,,,1.2953057289123535,
218,437,1.1442776918411255,,,
,219,,,,1.0731912851333618
219,439,,,1.0731912851333618,
219,439,1.1039522886276245,,,
,220,,,,1.2393511533737183
220,441,,,1.2393511533737183,
220,441,0.9099870324134827,,,
,221,,,,0.9131453633308411
221,443,,,0.9131453633308411,
221,443,1.1563184261322021,,,
,222,,,,1.1092182397842407
222,445,,,1.1092182397842407,
222,445,1.0496666431427002,,,
,223,,,,1.0974336862564087
223,447,,,1.0974336862564087,
223,447,1.1244499683380127,,,
224,449,,1.2656431198120117,,
,224,,,,0.982621967792511
224,449,,,0.982621967792511,
224,449,1.1910676956176758,,,
,225,,,,1.6717394590377808
225,451,,,1.6717394590377808,
225,451,1.0749090909957886,,,
,226,,,,1.1168286800384521
226,453,,,1.1168286800384521,
226,453,1.1840876340866089,,,
,227,,,,0.961042046546936
227,455,,,0.961042046546936,
227,455,1.2549511194229126,,,
,228,,,,0.9705448150634766
228,457,,,0.9705448150634766,
228,457,1.109763264656067,,,
,229,,,,0.9328598976135254
229,459,,,0.9328598976135254,
229,459,1.1422972679138184,,,
,230,,,,1.081833839416504
230,461,,,1.081833839416504,
230,461,1.2033401727676392,,,
,231,,,,1.0226526260375977
231,463,,,1.0226526260375977,
231,463,1.1220052242279053,,,
,232,,,,1.377117395401001
232,465,,,1.3771175146102905,
232,465,1.0556896924972534,,,
,233,,,,0.9994645118713379
233,467,,,0.9994645118713379,
233,467,1.087265133857727,,,
,234,,,,1.1601295471191406
234,469,,,1.1601295471191406,
234,469,1.1557321548461914,,,
,235,,,,1.088489055633545
235,471,,,1.088489055633545,
235,471,1.0506550073623657,,,
,236,,,,1.102754831314087
236,473,,,1.102754831314087,
236,473,1.199077844619751,,,
,237,,,,1.0726176500320435
237,475,,,1.0726176500320435,
237,475,1.0822792053222656,,,
,238,,,,0.9358475208282471
238,477,,,0.9358475208282471,
238,477,1.011260747909546,,,
,239,,,,1.001703143119812
239,479,,,1.001703143119812,
239,479,1.0924036502838135,,,
,240,,,,1.2524627447128296
240,481,,,1.2524627447128296,
240,481,1.1984013319015503,,,
,241,,,,1.068420171737671
241,483,,,1.068420171737671,
241,483,1.0110218524932861,,,
,242,,,,1.1149487495422363
242,485,,,1.1149487495422363,
242,485,1.0533955097198486,,,
,243,,,,1.073622703552246
243,487,,,1.073622703552246,
243,487,0.8894315958023071,,,
,244,,,,1.0877351760864258
244,489,,,1.0877351760864258,
244,489,1.0243762731552124,,,
,245,,,,0.937968373298645
245,491,,,0.937968373298645,
245,491,1.1630009412765503,,,
,246,,,,1.0696533918380737
246,493,,,1.0696533918380737,
246,493,1.050686001777649,,,
,247,,,,1.0974984169006348
247,495,,,1.0974984169006348,
247,495,1.174609661102295,,,
,248,,,,1.3070554733276367
248,497,,,1.3070554733276367,
248,497,1.0471951961517334,,,
249,499,,1.172365665435791,,
,249,,,,1.136169195175171
249,499,,,1.136169195175171,
249,499,1.0500941276550293,,,
,250,,,,1.0819289684295654
250,501,,,1.0819289684295654,
250,501,1.241803765296936,,,
,251,,,,1.0551282167434692
251,503,,,1.0551282167434692,
251,503,1.0079210996627808,,,
,252,,,,1.0564932823181152
252,505,,,1.0564932823181152,
252,505,1.2895376682281494,,,
,253,,,,1.3547096252441406
253,507,,,1.3547096252441406,
253,507,1.089012861251831,,,
,254,,,,1.1285107135772705
254,509,,,1.1285107135772705,
254,509,1.0128905773162842,,,
,255,,,,1.1028451919555664
255,511,,,1.1028451919555664,
255,511,1.1992350816726685,,,
,256,,,,0.9560348987579346
256,513,,,0.9560348987579346,
256,513,1.0894508361816406,,,
,257,,,,1.2866334915161133
257,515,,,1.2866334915161133,
257,515,1.1972073316574097,,,
,258,,,,0.9548534154891968
258,517,,,0.9548534154891968,
258,517,1.1373717784881592,,,
,259,,,,1.1470985412597656
259,519,,,1.1470985412597656,
259,519,1.031561255455017,,,
,260,,,,1.0247911214828491
260,521,,,1.0247911214828491,
260,521,1.1208693981170654,,,
,261,,,,1.2668049335479736
261,523,,,1.2668049335479736,
261,523,1.1397243738174438,,,
,262,,,,1.0114824771881104
262,525,,,1.0114824771881104,
262,525,0.9890484809875488,,,
,263,,,,1.0319117307662964
263,527,,,1.0319117307662964,
263,527,1.139568567276001,,,
,264,,,,1.0258699655532837
264,529,,,1.0258699655532837,
264,529,1.138136863708496,,,
,265,,,,1.3000739812850952
265,531,,,1.3000739812850952,
265,531,0.9319673776626587,,,
,266,,,,0.9971078634262085
266,533,,,0.9971078634262085,
266,533,1.0899087190628052,,,
,267,,,,1.1794934272766113
267,535,,,1.1794934272766113,
267,535,1.07732355594635,,,
,268,,,,0.9478320479393005
268,537,,,0.9478320479393005,
268,537,0.9079957604408264,,,
,269,,,,1.2197926044464111
269,539,,,1.2197926044464111,
269,539,1.1094399690628052,,,
,270,,,,0.9915597438812256
270,541,,,0.9915597438812256,
270,541,1.0601011514663696,,,
,271,,,,1.0404350757598877
271,543,,,1.0404350757598877,
271,543,1.1582942008972168,,,
,272,,,,1.2296748161315918
272,545,,,1.2296748161315918,
272,545,1.025856375694275,,,
,273,,,,0.9326626062393188
273,547,,,0.9326626062393188,
273,547,1.079298496246338,,,
274,549,,0.8861708641052246,,
,274,,,,1.0519486665725708
274,549,,,1.0519486665725708,
274,549,1.009010672569275,,,
,275,,,,1.1478570699691772
275,551,,,1.1478570699691772,
275,551,1.1717158555984497,,,
,276,,,,1.1698957681655884
276,553,,,1.1698957681655884,
276,553,1.0842409133911133,,,
,277,,,,0.9959915280342102
277,555,,,0.9959915280342102,
277,555,1.1439841985702515,,,
,278,,,,1.1541166305541992
278,557,,,1.1541166305541992,
278,557,0.9601535201072693,,,
,279,,,,0.9668285250663757
279,559,,,0.9668285250663757,
279,559,1.0608385801315308,,,
,280,,,,0.8768211603164673
280,561,,,0.8768211603164673,
280,561,1.0351080894470215,,,
,281,,,,0.924781858921051
281,563,,,0.924781858921051,
281,563,1.100297212600708,,,
,282,,,,1.1936323642730713
282,565,,,1.1936323642730713,
282,565,0.9622669816017151,,,
,283,,,,1.2068694829940796
283,567,,,1.2068694829940796,
283,567,1.1084882020950317,,,
,284,,,,1.0308881998062134
284,569,,,1.0308881998062134,
284,569,1.0169984102249146,,,
,285,,,,0.9165963530540466
285,571,,,0.9165963530540466,
285,571,1.1294320821762085,,,
,286,,,,1.0111334323883057
286,573,,,1.0111334323883057,
286,573,0.9009883403778076,,,
,287,,,,1.152190923690796
287,575,,,1.152190923690796,
287,575,0.9222691059112549,,,
,288,,,,1.0163459777832031
288,577,,,1.0163459777832031,
288,577,1.0847779512405396,,,
,289,,,,0.9986240267753601
289,579,,,0.9986240267753601,
289,579,1.0618565082550049,,,
,290,,,,1.0919290781021118
290,581,,,1.0919290781021118,
290,581,0.9954209923744202,,,
,291,,,,1.152850866317749
291,583,,,1.152850866317749,
291,583,1.0071768760681152,,,
,292,,,,1.2506681680679321
292,585,,,1.2506681680679321,
292,585,1.0807782411575317,,,
,293,,,,1.044621467590332
293,587,,,1.044621467590332,
293,587,1.06129789352417,,,
,294,,,,1.0532516241073608
294,589,,,1.0532516241073608,
294,589,1.1185320615768433,,,
,295,,,,1.2167532444000244
295,591,,,1.2167532444000244,
295,591,1.092352271080017,,,
,296,,,,1.0692353248596191
296,593,,,1.0692353248596191,
296,593,1.0155192613601685,,,
,297,,,,0.926427960395813
297,595,,,0.9264280200004578,
297,595,1.0373411178588867,,,
,298,,,,1.0715842247009277
298,597,,,1.0715842247009277,
298,597,1.057836890220642,,,
299,599,,1.0641626119613647,,
,299,,,,0.9629887342453003
299,599,,,0.9629887342453003,
299,599,1.0232195854187012,,,
,300,,,,1.1551387310028076
300,601,,,1.1551387310028076,
300,601,1.1547285318374634,,,
,301,,,,1.108565092086792
301,603,,,1.108565092086792,
301,603,0.9857144355773926,,,
,302,,,,1.0191982984542847
302,605,,,1.0191982984542847,
302,605,1.1206657886505127,,,
,303,,,,1.1863360404968262
303,607,,,1.1863360404968262,
303,607,1.087371826171875,,,
,304,,,,1.0777369737625122
304,609,,,1.0777369737625122,
304,609,1.0702574253082275,,,
,305,,,,1.2521238327026367
305,611,,,1.2521238327026367,
305,611,1.094565749168396,,,
,306,,,,1.0334687232971191
306,613,,,1.0334687232971191,
306,613,0.9737352728843689,,,
,307,,,,1.1311464309692383
307,615,,,1.1311464309692383,
307,615,1.041860580444336,,,
,308,,,,1.0445281267166138
308,617,,,1.0445281267166138,
308,617,1.0775943994522095,,,
,309,,,,1.0731464624404907
309,619,,,1.0731464624404907,
309,619,1.177513837814331,,,
,310,,,,1.175383448600769
310,621,,,1.175383448600769,
310,621,0.9710039496421814,,,
,311,,,,1.186807632446289
311,623,,,1.186807632446289,
311,623,1.1470074653625488,,,
,312,,,,1.0877747535705566
312,625,,,1.0877747535705566,
312,625,1.2077043056488037,,,
,313,,,,1.0779160261154175
313,627,,,1.0779160261154175,
313,627,1.1744483709335327,,,
,314,,,,1.0800994634628296
314,629,,,1.0800994634628296,
314,629,0.9628071784973145,,,
,315,,,,1.0209836959838867
315,631,,,1.0209836959838867,
315,631,1.046859860420227,,,
,316,,,,1.2273585796356201
316,633,,,1.2273585796356201,
316,633,0.9996090531349182,,,
,317,,,,1.0764212608337402
317,635,,,1.0764212608337402,
317,635,1.0850613117218018,,,
,318,,,,1.3745652437210083
318,637,,,1.3745652437210083,
318,637,1.148395299911499,,,
,319,,,,0.9689708352088928
319,639,,,0.9689708948135376,
319,639,1.1735163927078247,,,
,320,,,,1.135475754737854
320,641,,,1.135475754737854,
320,641,1.1706740856170654,,,
,321,,,,1.0753251314163208
321,643,,,1.0753251314163208,
321,643,1.1805764436721802,,,
,322,,,,1.14208984375
322,645,,,1.14208984375,
322,645,1.2066318988800049,,,
,323,,,,1.445220947265625
323,647,,,1.445220947265625,
323,647,1.2325470447540283,,,
324,649,,0.9982896447181702,,
,324,,,,1.140828013420105
324,649,,,1.140828013420105,
324,649,1.1075493097305298,,,
,325,,,,1.1960563659667969
325,651,,,1.1960563659667969,
325,651,1.0161093473434448,,,
,326,,,,0.8942296504974365
326,653,,,0.8942296504974365,
326,653,1.0164575576782227,,,
,327,,,,1.1822481155395508
327,655,,,1.1822481155395508,
327,655,1.171918511390686,,,
,328,,,,0.990173876285553
328,657,,,0.990173876285553,
328,657,1.265211582183838,,,
,329,,,,1.0906213521957397
329,659,,,1.0906213521957397,
329,659,1.0974904298782349,,,
,330,,,,0.9363870024681091
330,661,,,0.9363870024681091,
330,661,1.1621332168579102,,,
,331,,,,0.994993269443512
331,663,,,0.994993269443512,
331,663,1.1463019847869873,,,
,332,,,,1.1395869255065918
332,665,,,1.1395869255065918,
332,665,1.0033788681030273,,,
,333,,,,1.1776213645935059
333,667,,,1.1776213645935059,
333,667,1.1100916862487793,,,
,334,,,,1.2156925201416016
334,669,,,1.2156925201416016,
334,669,1.1177440881729126,,,
,335,,,,1.0781129598617554
335,671,,,1.0781129598617554,
335,671,0.9703183174133301,,,
,336,,,,1.1389174461364746
336,673,,,1.1389174461364746,
336,673,1.045516014099121,,,
,337,,,,1.1745084524154663
337,675,,,1.1745084524154663,
337,675,1.0398614406585693,,,
,338,,,,1.013073444366455
338,677,,,1.013073444366455,
338,677,1.0974652767181396,,,
,339,,,,1.149296760559082
339,679,,,1.149296760559082,
339,679,1.1314306259155273,,,
,340,,,,1.0355724096298218
340,681,,,1.0355724096298218,
340,681,1.1281646490097046,,,
,341,,,,1.1358455419540405
341,683,,,1.1358455419540405,
341,683,0.9030818343162537,,,
,342,,,,1.1881465911865234
342,685,,,1.1881465911865234,
342,685,1.121141791343689,,,
,343,,,,1.0144810676574707
343,687,,,1.0144810676574707,
343,687,1.2460614442825317,,,
,344,,,,1.1955862045288086
344,689,,,1.1955862045288086,
344,689,1.1038252115249634,,,
,345,,,,1.1305067539215088
345,691,,,1.1305067539215088,
345,691,1.1508630514144897,,,
,346,,,,1.142703890800476
346,693,,,1.142703890800476,
346,693,1.0432217121124268,,,
,347,,,,1.3423898220062256
347,695,,,1.3423898220062256,
347,695,1.1817102432250977,,,
,348,,,,0.950579047203064
348,697,,,0.950579047203064,
348,697,1.0510191917419434,,,
349,699,,1.1227970123291016,,
,349,,,,1.0724226236343384
349,699,,,1.0724226236343384,
349,699,1.0270073413848877,,,
,350,,,,1.1486550569534302
350,701,,,1.1486550569534302,
350,701,1.0828934907913208,,,
,351,,,,1.176748275756836
351,703,,,1.176748275756836,
351,703,1.164411187171936,,,
,352,,,,1.0522558689117432
352,705,,,1.0522558689117432,
352,705,1.1884896755218506,,,
,353,,,,0.967149019241333
353,707,,,0.967149019241333,
353,707,0.9684587121009827,,,
,354,,,,1.112817645072937
354,709,,,1.112817645072937,
354,709,1.1669999361038208,,,
,355,,,,1.2393380403518677
355,711,,,1.2393380403518677,
355,711,1.013077735900879,,,
,356,,,,1.1620023250579834
356,713,,,1.1620023250579834,
356,713,1.1851640939712524,,,
,357,,,,1.3429617881774902
357,715,,,1.3429617881774902,
357,715,1.1228619813919067,,,
,358,,,,1.189867377281189
358,717,,,1.189867377281189,
358,717,1.1799453496932983,,,
,359,,,,1.1877431869506836
359,719,,,1.1877431869506836,
359,719,1.122865080833435,,,
,360,,,,0.9708307981491089
360,721,,,0.9708307385444641,
360,721,0.978725254535675,,,
,361,,,,1.1540980339050293
361,723,,,1.1540980339050293,
361,723,1.1034077405929565,,,
,362,,,,1.2118825912475586
362,725,,,1.2118825912475586,
362,725,1.139734148979187,,,
,363,,,,1.1557003259658813
363,727,,,1.1557003259658813,
363,727,1.0800226926803589,,,
,364,,,,1.3117536306381226
364,729,,,1.311753749847412,
364,729,1.0523182153701782,,,
,365,,,,0.963794469833374
365,731,,,0.963794469833374,
365,731,1.131960391998291,,,
,366,,,,1.0452150106430054
366,733,,,1.0452150106430054,
366,733,1.0841654539108276,,,
,367,,,,1.1092140674591064
367,735,,,1.1092140674591064,
367,735,1.1624243259429932,,,
,368,,,,1.0226800441741943
368,737,,,1.0226800441741943,
368,737,1.055460810661316,,,
,369,,,,1.2126175165176392
369,739,,,1.2126175165176392,
369,739,1.1396697759628296,,,
,370,,,,1.0745632648468018
370,741,,,1.0745632648468018,
370,741,1.1452817916870117,,,
,371,,,,0.9765376448631287
371,743,,,0.9765376448631287,
371,743,1.0504765510559082,,,
,372,,,,1.1944481134414673
372,745,,,1.1944481134414673,
372,745,1.0758728981018066,,,
,373,,,,1.251321792602539
373,747,,,1.251321792602539,
373,747,1.0544339418411255,,,
374,749,,1.1417583227157593,,
,374,,,,1.329614281654358
374,749,,,1.329614281654358,
374,749,1.0415863990783691,,,
,375,,,,1.3410775661468506
375,751,,,1.3410775661468506,
375,751,1.1395336389541626,,,
,376,,,,1.0042002201080322
376,753,,,1.0042002201080322,
376,753,1.1200882196426392,,,
,377,,,,1.1681609153747559
377,755,,,1.1681609153747559,
377,755,1.0557410717010498,,,
,378,,,,1.1973820924758911
378,757,,,1.1973820924758911,
378,757,1.127377986907959,,,
,379,,,,1.136230707168579
379,759,,,1.136230707168579,
379,759,1.0258831977844238,,,
,380,,,,1.3408591747283936
380,761,,,1.3408591747283936,
380,761,1.0285253524780273,,,
,381,,,,1.1495763063430786
381,763,,,1.1495763063430786,
381,763,1.1321460008621216,,,
,382,,,,1.0268265008926392
382,765,,,1.0268265008926392,
382,765,1.1505087614059448,,,
,383,,,,1.2271946668624878
383,767,,,1.2271946668624878,
383,767,1.0269899368286133,,,
,384,,,,1.139711618423462
384,769,,,1.139711618423462,
384,769,1.0865540504455566,,,
,385,,,,1.2023637294769287
385,771,,,1.2023637294769287,
385,771,1.0502676963806152,,,
,386,,,,1.0387111902236938
386,773,,,1.0387111902236938,
386,773,1.0078200101852417,,,
,387,,,,1.3115029335021973
387,775,,,1.3115029335021973,
387,775,1.0929207801818848,,,
,388,,,,0.9738977551460266
388,777,,,0.9738977551460266,
388,777,1.0121407508850098,,,
,389,,,,1.196718692779541
389,779,,,1.196718692779541,
389,779,1.0130319595336914,,,
,390,,,,1.2953908443450928
390,781,,,1.2953907251358032,
390,781,1.1892032623291016,,,
,391,,,,1.0958666801452637
391,783,,,1.0958666801452637,
391,783,1.1523699760437012,,,
,392,,,,1.275086522102356
392,785,,,1.275086522102356,
392,785,0.9802831411361694,,,
,393,,,,1.1437697410583496
393,787,,,1.1437697410583496,
393,787,0.9720970988273621,,,
,394,,,,0.9470810294151306
394,789,,,0.9470809698104858,
394,789,1.030186414718628,,,
,395,,,,1.0199534893035889
395,791,,,1.0199534893035889,
395,791,1.079292893409729,,,
,396,,,,0.945736825466156
396,793,,,0.945736825466156,
396,793,0.8958326578140259,,,
,397,,,,0.9818558096885681
397,795,,,0.9818557500839233,
397,795,1.0338393449783325,,,
,398,,,,1.1779937744140625
398,797,,,1.1779937744140625,
398,797,1.1756935119628906,,,
399,799,,1.2895982265472412,,
,399,,,,1.1757292747497559
399,799,,,1.1757292747497559,
399,799,1.115706205368042,,,
,400,,,,1.1406217813491821
400,801,,,1.1406217813491821,
400,801,1.0254570245742798,,,
,401,,,,1.271956205368042
401,803,,,1.271956205368042,
401,803,1.1300936937332153,,,
,402,,,,0.9986911416053772
402,805,,,0.998691201210022,
402,805,1.1692394018173218,,,
,403,,,,1.1917102336883545
403,807,,,1.1917102336883545,
403,807,1.0954675674438477,,,
,404,,,,1.0575507879257202
404,809,,,1.0575507879257202,
404,809,1.2855463027954102,,,
,405,,,,1.0581332445144653
405,811,,,1.0581332445144653,
405,811,1.0937155485153198,,,
,406,,,,1.110916018486023
406,813,,,1.110916018486023,
406,813,1.128324031829834,,,
,407,,,,0.9677979350090027
407,815,,,0.9677979350090027,
407,815,1.1984721422195435,,,
,408,,,,0.9926342368125916
408,817,,,0.9926341772079468,
408,817,1.1181222200393677,,,
,409,,,,0.992020845413208
409,819,,,0.992020845413208,
409,819,1.1402236223220825,,,
,410,,,,0.9650460481643677
410,821,,,0.9650461077690125,
410,821,1.0367140769958496,,,
,411,,,,0.9254260659217834
411,823,,,0.9254261255264282,
411,823,1.013973355293274,,,
,412,,,,1.179952621459961
412,825,,,1.179952621459961,
412,825,0.9759333729743958,,,
,413,,,,1.099142074584961
413,827,,,1.099142074584961,
413,827,0.9709355235099792,,,
,414,,,,0.9901120662689209
414,829,,,0.9901120662689209,
414,829,1.1064717769622803,,,
,415,,,,1.033252239227295
415,831,,,1.033252239227295,
415,831,1.0649925470352173,,,
,416,,,,1.138376235961914
416,833,,,1.138376235961914,
416,833,1.0536941289901733,,,
,417,,,,1.1175276041030884
417,835,,,1.1175276041030884,
417,835,1.1738040447235107,,,
,418,,,,1.0773184299468994
418,837,,,1.0773184299468994,
418,837,1.031387209892273,,,
,419,,,,1.0468477010726929
419,839,,,1.0468477010726929,
419,839,1.1320408582687378,,,
,420,,,,1.2119238376617432
420,841,,,1.2119238376617432,
420,841,1.1719506978988647,,,
,421,,,,1.0208297967910767
421,843,,,1.0208297967910767,
421,843,1.1281508207321167,,,
,422,,,,0.9731698036193848
422,845,,,0.9731698036193848,
422,845,1.0350228548049927,,,
,423,,,,1.019850492477417
423,847,,,1.019850492477417,
423,847,1.1818082332611084,,,
424,849,,0.9791314601898193,,
,424,,,,1.0318708419799805
424,849,,,1.0318708419799805,
424,849,1.0119644403457642,,,
,425,,,,1.0771411657333374
425,851,,,1.0771411657333374,
425,851,1.104224681854248,,,
,426,,,,1.0932092666625977
426,853,,,1.0932092666625977,
426,853,0.9911726117134094,,,
,427,,,,0.9929410219192505
427,855,,,0.9929410815238953,
427,855,0.9639453887939453,,,
,428,,,,1.2854300737380981
428,857,,,1.2854301929473877,
428,857,1.0361007452011108,,,
,429,,,,1.137518048286438
429,859,,,1.137518048286438,
429,859,1.2768683433532715,,,
,430,,,,1.1181306838989258
430,861,,,1.1181306838989258,
430,861,1.0503759384155273,,,
,431,,,,0.9736944437026978
431,863,,,0.9736944437026978,
431,863,0.9958321452140808,,,
,432,,,,1.0584814548492432
432,865,,,1.0584814548492432,
432,865,1.1553345918655396,,,
,433,,,,0.9471157789230347
433,867,,,0.9471157789230347,
433,867,1.057572603225708,,,
,434,,,,1.0727002620697021
434,869,,,1.0727002620697021,
434,869,1.048106074333191,,,
,435,,,,1.1058244705200195
435,871,,,1.1058244705200195,
435,871,1.0220222473144531,,,
,436,,,,0.9343398213386536
436,873,,,0.9343398213386536,
436,873,0.8688900470733643,,,
,437,,,,0.9985178112983704
437,875,,,0.9985178112983704,
437,875,1.06620192527771,,,
,438,,,,1.1112759113311768
438,877,,,1.1112759113311768,
438,877,1.0293430089950562,,,
,439,,,,1.3632210493087769
439,879,,,1.3632209300994873,
439,879,1.0200210809707642,,,
,440,,,,1.2012357711791992
440,881,,,1.2012357711791992,
440,881,0.9184007048606873,,,
,441,,,,0.8973071575164795
441,883,,,0.8973071575164795,
441,883,0.9286169409751892,,,
,442,,,,0.8278199434280396
442,885,,,0.8278200030326843,
442,885,1.0505895614624023,,,
,443,,,,1.1377493143081665
443,887,,,1.1377493143081665,
443,887,1.0483810901641846,,,
,444,,,,1.0281182527542114
444,889,,,1.0281182527542114,
444,889,1.0915833711624146,,,
,445,,,,0.9598416686058044
445,891,,,0.9598416686058044,
445,891,1.0304814577102661,,,
,446,,,,1.2522380352020264
446,893,,,1.2522380352020264,
446,893,1.0765358209609985,,,
,447,,,,0.8752519488334656
447,895,,,0.8752519488334656,
447,895,0.9484831094741821,,,
,448,,,,1.0827441215515137
448,897,,,1.0827441215515137,
448,897,1.233484148979187,,,
449,899,,1.0792802572250366,,
,449,,,,1.0592459440231323
449,899,,,1.0592459440231323,
449,899,1.0352814197540283,,,
,450,,,,1.2677690982818604
450,901,,,1.2677690982818604,
450,901,1.258632779121399,,,
,451,,,,1.1518409252166748
451,903,,,1.1518409252166748,
451,903,1.1476855278015137,,,
,452,,,,1.215853214263916
452,905,,,1.215853214263916,
452,905,0.9687139391899109,,,
,453,,,,1.2992100715637207
453,907,,,1.2992100715637207,
453,907,0.9048477411270142,,,
,454,,,,1.1800355911254883
454,909,,,1.1800355911254883,
454,909,1.0014134645462036,,,
,455,,,,1.008939504623413
455,911,,,1.008939504623413,
455,911,1.0515375137329102,,,
,456,,,,0.90131014585495
456,913,,,0.90131014585495,
456,913,1.0470001697540283,,,
,457,,,,0.9915658235549927
457,915,,,0.9915658831596375,
457,915,1.1464152336120605,,,
,458,,,,1.199779987335205
458,917,,,1.199779987335205,
458,917,1.0251595973968506,,,
,459,,,,1.0287963151931763
459,919,,,1.0287963151931763,
459,919,0.9468787908554077,,,
,460,,,,1.0800868272781372
460,921,,,1.0800868272781372,
460,921,1.1159933805465698,,,
,461,,,,1.0194637775421143
461,923,,,1.0194637775421143,
461,923,0.9868873357772827,,,
,462,,,,1.0173029899597168
462,925,,,1.0173029899597168,
462,925,1.0547900199890137,,,
,463,,,,1.1661778688430786
463,927,,,1.1661778688430786,
463,927,1.0228924751281738,,,
,464,,,,1.0235379934310913
464,929,,,1.0235379934310913,
464,929,0.9797186255455017,,,
,465,,,,1.0462987422943115
465,931,,,1.0462987422943115,
465,931,1.1545363664627075,,,
,466,,,,1.3216379880905151
466,933,,,1.3216379880905151,
466,933,1.0225932598114014,,,
,467,,,,1.1571658849716187
467,935,,,1.1571658849716187,
467,935,1.0838652849197388,,,
,468,,,,1.183234453201294
468,937,,,1.183234453201294,
468,937,0.9680862426757812,,,
,469,,,,1.2161091566085815
469,939,,,1.2161091566085815,
469,939,1.1499476432800293,,,
,470,,,,1.135130763053894
470,941,,,1.135130763053894,
470,941,1.0929253101348877,,,
,471,,,,0.9963402152061462
471,943,,,0.9963401556015015,
471,943,1.102813959121704,,,
,472,,,,1.0471447706222534
472,945,,,1.0471447706222534,
472,945,1.0827399492263794,,,
,473,,,,1.1218703985214233
473,947,,,1.1218703985214233,
473,947,1.137921929359436,,,
474,949,,1.0911816358566284,,
,474,,,,1.0240720510482788
474,949,,,1.0240720510482788,
474,949,1.1749013662338257,,,
,475,,,,1.116092324256897
475,951,,,1.116092324256897,
475,951,1.0074946880340576,,,
,476,,,,1.0055105686187744
476,953,,,1.0055105686187744,
476,953,1.0210055112838745,,,
,477,,,,0.8832090497016907
477,955,,,0.8832090497016907,
477,955,0.9966896176338196,,,
,478,,,,1.0633628368377686
478,957,,,1.0633628368377686,
478,957,1.138546109199524,,,
,479,,,,1.0151771306991577
479,959,,,1.0151771306991577,
479,959,1.0250909328460693,,,
,480,,,,1.0666130781173706
480,961,,,1.0666130781173706,
480,961,1.0026649236679077,,,
,481,,,,1.199668288230896
481,963,,,1.199668288230896,
481,963,1.097772240638733,,,
,482,,,,1.1420949697494507
482,965,,,1.1420949697494507,
482,965,1.0523498058319092,,,
,483,,,,1.199267864227295
483,967,,,1.199267864227295,
483,967,1.1294670104980469,,,
,484,,,,1.0868381261825562
484,969,,,1.0868381261825562,
484,969,1.1181434392929077,,,
,485,,,,1.202864646911621
485,971,,,1.202864646911621,
485,971,1.0958935022354126,,,
,486,,,,1.2895156145095825
486,973,,,1.289515733718872,
486,973,1.034653663635254,,,
,487,,,,1.2539634704589844
487,975,,,1.2539634704589844,
487,975,1.082497000694275,,,
,488,,,,1.0758870840072632
488,977,,,1.0758870840072632,
488,977,0.9849874973297119,,,
,489,,,,0.9632865786552429
489,979,,,0.9632865786552429,
489,979,1.020308256149292,,,
,490,,,,1.1878883838653564
490,981,,,1.1878883838653564,
490,981,1.0753840208053589,,,
,491,,,,0.9856979846954346
491,983,,,0.9856979846954346,
491,983,1.0954136848449707,,,
,492,,,,0.984655499458313
492,985,,,0.9846555590629578,
492,985,1.0904451608657837,,,
,493,,,,1.225973129272461
493,987,,,1.225973129272461,
493,987,1.003632664680481,,,
,494,,,,1.0662827491760254
494,989,,,1.0662827491760254,
494,989,1.027029275894165,,,
,495,,,,1.0715993642807007
495,991,,,1.0715993642807007,
495,991,1.06704843044281,,,
,496,,,,1.0849841833114624
496,993,,,1.0849841833114624,
496,993,0.9955363273620605,,,
,497,,,,1.1315993070602417
497,995,,,1.1315993070602417,
497,995,1.0135725736618042,,,
,498,,,,1.0941331386566162
498,997,,,1.0941331386566162,
498,997,1.0558608770370483,,,
499,999,,1.1127979755401611,,
,499,,,,1.1104124784469604
499,999,,,1.1104124784469604,
499,999,1.1104285717010498,,,
,500,,,,1.0992059707641602
500,1001,,,1.0992059707641602,
500,1001,1.17228364944458,,,
,501,,,,1.1927239894866943
501,1003,,,1.1927239894866943,
501,1003,1.1458591222763062,,,
,502,,,,1.084890365600586
502,1005,,,1.084890365600586,
502,1005,0.9917414784431458,,,
,503,,,,1.1198593378067017
503,1007,,,1.1198593378067017,
503,1007,1.0237584114074707,,,
,504,,,,0.9943161606788635
504,1009,,,0.9943161606788635,
504,1009,0.9580694437026978,,,
,505,,,,1.0288121700286865
505,1011,,,1.0288121700286865,
505,1011,0.9903469681739807,,,
,506,,,,1.257324457168579
506,1013,,,1.257324457168579,
506,1013,0.984767735004425,,,
,507,,,,1.0162891149520874
507,1015,,,1.0162891149520874,
507,1015,1.02178955078125,,,
,508,,,,1.1391559839248657
508,1017,,,1.1391559839248657,
508,1017,1.074275016784668,,,
,509,,,,1.11216139793396
509,1019,,,1.11216139793396,
509,1019,1.0511618852615356,,,
,510,,,,1.1360206604003906
510,1021,,,1.1360206604003906,
510,1021,1.0843372344970703,,,
,511,,,,1.1677343845367432
511,1023,,,1.1677343845367432,
511,1023,1.1012446880340576,,,
,512,,,,1.110402226448059
512,1025,,,1.110402226448059,
512,1025,1.136123776435852,,,
,513,,,,1.0560455322265625
513,1027,,,1.0560455322265625,
513,1027,1.0863384008407593,,,
,514,,,,1.3035377264022827
514,1029,,,1.3035377264022827,
514,1029,0.9837241172790527,,,
,515,,,,0.8790037631988525
515,1031,,,0.8790037631988525,
515,1031,1.1942213773727417,,,
,516,,,,1.2087364196777344
516,1033,,,1.2087364196777344,
516,1033,0.9137373566627502,,,
,517,,,,1.0590794086456299
517,1035,,,1.0590794086456299,
517,1035,0.9899893999099731,,,
,518,,,,0.9824283123016357
518,1037,,,0.9824283123016357,
518,1037,0.9603561162948608,,,
,519,,,,0.8967055678367615
519,1039,,,0.8967055678367615,
519,1039,1.0878973007202148,,,
,520,,,,1.067350149154663
520,1041,,,1.067350149154663,
520,1041,0.945902943611145,,,
,521,,,,1.1430355310440063
521,1043,,,1.1430355310440063,
521,1043,0.9753457903862,,,
,522,,,,1.0446054935455322
522,1045,,,1.0446054935455322,
522,1045,1.0201776027679443,,,
,523,,,,1.0927983522415161
523,1047,,,1.0927983522415161,
523,1047,0.9878820776939392,,,
524,1049,,0.9939901232719421,,
,524,,,,1.2297641038894653
524,1049,,,1.2297641038894653,
524,1049,1.0910916328430176,,,
,525,,,,1.1110453605651855
525,1051,,,1.1110453605651855,
525,1051,0.9640942215919495,,,
,526,,,,1.0159534215927124
526,1053,,,1.0159534215927124,
526,1053,1.0426316261291504,,,
,527,,,,1.0422934293746948
527,1055,,,1.0422934293746948,
527,1055,1.227927565574646,,,
,528,,,,0.9398054480552673
528,1057,,,0.9398054480552673,
528,1057,1.0884417295455933,,,
,529,,,,1.3674559593200684
529,1059,,,1.3674559593200684,
529,1059,1.0308266878128052,,,
,530,,,,1.185630202293396
530,1061,,,1.185630202293396,
530,1061,1.1397041082382202,,,
,531,,,,1.0822572708129883
531,1063,,,1.0822572708129883,
531,1063,1.0451620817184448,,,
,532,,,,0.9204415678977966
532,1065,,,0.9204415678977966,
532,1065,1.1458120346069336,,,
,533,,,,1.1132521629333496
533,1067,,,1.1132521629333496,
533,1067,1.134519100189209,,,
,534,,,,1.0064489841461182
534,1069,,,1.0064489841461182,
534,1069,0.9691072106361389,,,
,535,,,,1.152914047241211
535,1071,,,1.152914047241211,
535,1071,1.0807644128799438,,,
,536,,,,1.1485614776611328
536,1073,,,1.1485614776611328,
536,1073,1.1172419786453247,,,
,537,,,,1.0921064615249634
537,1075,,,1.0921064615249634,
537,1075,1.0334924459457397,,,
,538,,,,0.9127677083015442
538,1077,,,0.9127677083015442,
538,1077,1.131937861442566,,,
,539,,,,0.8837360739707947
539,1079,,,0.8837360143661499,
539,1079,1.184055209159851,,,
,540,,,,1.2533836364746094
540,1081,,,1.2533836364746094,
540,1081,1.0591005086898804,,,
,541,,,,0.9020741581916809
541,1083,,,0.9020740985870361,
541,1083,1.1545219421386719,,,
,542,,,,1.0762265920639038
542,1085,,,1.0762265920639038,
542,1085,1.1569262742996216,,,
,543,,,,1.179357886314392
543,1087,,,1.179357886314392,
543,1087,0.946249783039093,,,
,544,,,,0.9615952968597412
544,1089,,,0.9615952968597412,
544,1089,1.109901785850525,,,
,545,,,,1.1523656845092773
545,1091,,,1.1523656845092773,
545,1091,1.098924160003662,,,
,546,,,,1.0051189661026
546,1093,,,1.0051189661026,
546,1093,1.1807222366333008,,,
,547,,,,1.2042914628982544
547,1095,,,1.2042914628982544,
547,1095,1.1244593858718872,,,
,548,,,,0.9834334254264832
548,1097,,,0.9834334850311279,
548,1097,1.0821729898452759,,,
549,1099,,1.1943423748016357,,
,549,,,,1.0805057287216187
549,1099,,,1.0805057287216187,
549,1099,1.1131770610809326,,,
,550,,,,1.1180694103240967
550,1101,,,1.1180694103240967,
550,1101,0.9721590280532837,,,
,551,,,,1.0263454914093018
551,1103,,,1.0263454914093018,
551,1103,1.0163403749465942,,,
,552,,,,0.9830429553985596
552,1105,,,0.9830429553985596,
552,1105,1.0143250226974487,,,
,553,,,,1.1616755723953247
553,1107,,,1.1616755723953247,
553,1107,1.0656075477600098,,,
,554,,,,1.1180932521820068
554,1109,,,1.1180932521820068,
554,1109,1.0916755199432373,,,
,555,,,,1.1283844709396362
555,1111,,,1.1283844709396362,
555,1111,0.9921717643737793,,,
,556,,,,0.8857505917549133
556,1113,,,0.8857505917549133,
556,1113,1.127311110496521,,,
,557,,,,0.9085145592689514
557,1115,,,0.9085145592689514,
557,1115,0.962810218334198,,,
,558,,,,1.1264407634735107
558,1117,,,1.1264407634735107,
558,1117,1.124250888824463,,,
,559,,,,1.0554291009902954
559,1119,,,1.0554291009902954,
559,1119,0.983781635761261,,,
,560,,,,1.2834559679031372
560,1121,,,1.2834559679031372,
560,1121,1.1382031440734863,,,
,561,,,,1.2117165327072144
561,1123,,,1.2117165327072144,
561,1123,1.025587797164917,,,
,562,,,,1.0368359088897705
562,1125,,,1.0368359088897705,
562,1125,0.9029486775398254,,,
,563,,,,0.9863775968551636
563,1127,,,0.9863775372505188,
563,1127,1.0954537391662598,,,
,564,,,,0.8311872482299805
564,1129,,,0.8311873078346252,
564,1129,1.1391308307647705,,,
,565,,,,1.124891996383667
565,1131,,,1.124891996383667,
565,1131,1.0829850435256958,,,
,566,,,,1.1310967206954956
566,1133,,,1.1310967206954956,
566,1133,1.0364353656768799,,,
,567,,,,0.8677417039871216
567,1135,,,0.8677417039871216,
567,1135,1.1460025310516357,,,
,568,,,,1.0039631128311157
568,1137,,,1.0039631128311157,
568,1137,1.2561033964157104,,,
,569,,,,1.1271681785583496
569,1139,,,1.1271681785583496,
569,1139,1.0378117561340332,,,
,570,,,,1.0595617294311523
570,1141,,,1.0595617294311523,
570,1141,1.006367802619934,,,
,571,,,,1.0843549966812134
571,1143,,,1.0843549966812134,
571,1143,0.9771792888641357,,,
,572,,,,1.0547831058502197
572,1145,,,1.0547831058502197,
572,1145,1.2421420812606812,,,
,573,,,,1.0988733768463135
573,1147,,,1.0988733768463135,
573,1147,0.9022902846336365,,,
574,1149,,1.0117517709732056,,
,574,,,,1.0163449048995972
574,1149,,,1.0163449048995972,
574,1149,1.0435283184051514,,,
,575,,,,0.999355137348175
575,1151,,,0.999355137348175,
575,1151,1.0450867414474487,,,
,576,,,,1.0101431608200073
576,1153,,,1.0101431608200073,
576,1153,1.1780784130096436,,,
,577,,,,1.2248194217681885
577,1155,,,1.2248194217681885,
577,1155,1.2179721593856812,,,
,578,,,,0.9401959180831909
578,1157,,,0.9401959180831909,
578,1157,1.0626789331436157,,,
,579,,,,1.2096941471099854
579,1159,,,1.2096941471099854,
579,1159,1.0295594930648804,,,
,580,,,,0.9052774310112
580,1161,,,0.9052774310112,
580,1161,1.0116488933563232,,,
,581,,,,1.2736506462097168
581,1163,,,1.2736506462097168,
581,1163,1.0730926990509033,,,
,582,,,,1.1781116724014282
582,1165,,,1.1781116724014282,
582,1165,1.043002963066101,,,
,583,,,,1.1217002868652344
583,1167,,,1.1217002868652344,
583,1167,1.035240888595581,,,
,584,,,,1.2964369058609009
584,1169,,,1.2964369058609009,
584,1169,1.008603572845459,,,
,585,,,,1.0004057884216309
585,1171,,,1.0004057884216309,
585,1171,1.122037649154663,,,
,586,,,,1.071616291999817
586,1173,,,1.071616291999817,
586,1173,1.132299542427063,,,
,587,,,,0.9429381489753723
587,1175,,,0.9429381489753723,
587,1175,0.9624645709991455,,,
,588,,,,1.0826618671417236
588,1177,,,1.0826618671417236,
588,1177,1.1376616954803467,,,
,589,,,,0.8124140501022339
589,1179,,,0.8124139904975891,
589,1179,1.1174966096878052,,,
,590,,,,1.1353756189346313
590,1181,,,1.1353756189346313,
590,1181,1.1122268438339233,,,
,591,,,,1.1961277723312378
591,1183,,,1.1961277723312378,
591,1183,1.0963799953460693,,,
,592,,,,1.1322556734085083
592,1185,,,1.1322556734085083,
592,1185,1.1041256189346313,,,
,593,,,,1.0302002429962158
593,1187,,,1.0302002429962158,
593,1187,0.9724801778793335,,,
,594,,,,0.9726002812385559
594,1189,,,0.9726002216339111,
594,1189,1.1491738557815552,,,
,595,,,,1.0098133087158203
595,1191,,,1.0098133087158203,
595,1191,1.0024091005325317,,,
,596,,,,1.0719761848449707
596,1193,,,1.0719761848449707,
596,1193,0.9608595371246338,,,
,597,,,,1.0423173904418945
597,1195,,,1.0423173904418945,
597,1195,1.0520849227905273,,,
,598,,,,1.1123270988464355
598,1197,,,1.1123270988464355,
598,1197,1.0734524726867676,,,
599,1199,,1.1298681497573853,,
,599,,,,1.1076728105545044
599,1199,,,1.1076728105545044,
599,1199,0.9782186150550842,,,
,600,,,,1.1595453023910522
600,1201,,,1.1595453023910522,
600,1201,1.214927315711975,,,
,601,,,,1.0245928764343262
601,1203,,,1.0245928764343262,
601,1203,1.07387113571167,,,
,602,,,,1.2078734636306763
602,1205,,,1.2078734636306763,
602,1205,1.059409499168396,,,
,603,,,,1.1038024425506592
603,1207,,,1.1038024425506592,
603,1207,1.164846658706665,,,
,604,,,,1.0984101295471191
604,1209,,,1.0984101295471191,
604,1209,1.0674289464950562,,,
,605,,,,1.0578895807266235
605,1211,,,1.0578895807266235,
605,1211,1.0518684387207031,,,
,606,,,,1.0004218816757202
606,1213,,,1.0004218816757202,
606,1213,0.9957008957862854,,,
,607,,,,1.1257437467575073
607,1215,,,1.1257437467575073,
607,1215,1.0160402059555054,,,
,608,,,,1.1050165891647339
608,1217,,,1.1050165891647339,
608,1217,1.053402304649353,,,
,609,,,,1.0011942386627197
609,1219,,,1.0011942386627197,
609,1219,0.9443435072898865,,,
,610,,,,0.9408093690872192
610,1221,,,0.940809428691864,
610,1221,1.0446064472198486,,,
,611,,,,0.9873878955841064
611,1223,,,0.9873878955841064,
611,1223,1.0090216398239136,,,
,612,,,,0.8966842293739319
612,1225,,,0.8966842889785767,
612,1225,1.145704746246338,,,
,613,,,,1.1918485164642334
613,1227,,,1.1918485164642334,
613,1227,1.0544525384902954,,,
,614,,,,1.1589089632034302
614,1229,,,1.1589089632034302,
614,1229,0.9701082110404968,,,
,615,,,,1.2153842449188232
615,1231,,,1.2153842449188232,
615,1231,0.9955065250396729,,,
,616,,,,1.0465260744094849
616,1233,,,1.0465260744094849,
616,1233,1.1292932033538818,,,
,617,,,,1.1257697343826294
617,1235,,,1.1257697343826294,
617,1235,1.036657452583313,,,
,618,,,,1.5317363739013672
618,1237,,,1.5317364931106567,
618,1237,1.0002892017364502,,,
,619,,,,1.1796435117721558
619,1239,,,1.1796435117721558,
619,1239,0.9984782934188843,,,
,620,,,,1.2221914529800415
620,1241,,,1.2221914529800415,
620,1241,1.0984139442443848,,,
,621,,,,1.119064450263977
621,1243,,,1.119064450263977,
621,1243,1.0283702611923218,,,
,622,,,,1.1167242527008057
622,1245,,,1.1167242527008057,
622,1245,1.156400203704834,,,
,623,,,,1.013302206993103
623,1247,,,1.013302206993103,
623,1247,0.9462478756904602,,,
624,1249,,1.080690860748291,,
,624,,,,1.3087834119796753
624,1249,,,1.3087834119796753,
624,1249,1.052782416343689,,,
,625,,,,1.1210328340530396
625,1251,,,1.1210328340530396,
625,1251,1.193627119064331,,,
,626,,,,0.9104426503181458
626,1253,,,0.9104426503181458,
626,1253,1.1625558137893677,,,
,627,,,,1.0537681579589844
627,1255,,,1.0537681579589844,
627,1255,1.1605947017669678,,,
,628,,,,1.1811496019363403
628,1257,,,1.1811496019363403,
628,1257,1.047766923904419,,,
,629,,,,1.1842013597488403
629,1259,,,1.1842013597488403,
629,1259,1.0823603868484497,,,
,630,,,,1.1608942747116089
630,1261,,,1.1608942747116089,
630,1261,1.0414633750915527,,,
,631,,,,0.9640840888023376
631,1263,,,0.9640840888023376,
631,1263,0.9546192288398743,,,
,632,,,,1.1777156591415405
632,1265,,,1.1777156591415405,
632,1265,0.9154682755470276,,,
,633,,,,1.2146024703979492
633,1267,,,1.2146024703979492,
633,1267,0.9399329423904419,,,
,634,,,,1.229901909828186
634,1269,,,1.229901909828186,
634,1269,1.1204458475112915,,,
,635,,,,0.8587857484817505
635,1271,,,0.8587858080863953,
635,1271,1.0127003192901611,,,
,636,,,,1.1523375511169434
636,1273,,,1.1523375511169434,
636,1273,1.05902099609375,,,
,637,,,,1.228574514389038
637,1275,,,1.228574514389038,
637,1275,0.9636611938476562,,,
,638,,,,1.116740345954895
638,1277,,,1.116740345954895,
638,1277,0.921140730381012,,,
,639,,,,1.1232883930206299
639,1279,,,1.1232883930206299,
639,1279,1.0116322040557861,,,
,640,,,,0.9689418077468872
640,1281,,,0.9689418077468872,
640,1281,1.0934758186340332,,,
,641,,,,1.036637306213379
641,1283,,,1.036637306213379,
641,1283,1.1389843225479126,,,
,642,,,,1.0947177410125732
642,1285,,,1.0947177410125732,
642,1285,1.0913612842559814,,,
,643,,,,1.015494704246521
643,1287,,,1.015494704246521,
643,1287,1.1293461322784424,,,
,644,,,,1.2118364572525024
644,1289,,,1.2118364572525024,
644,1289,0.9536595344543457,,,
,645,,,,0.9191417098045349
645,1291,,,0.9191417098045349,
645,1291,1.1158949136734009,,,
,646,,,,0.9762977361679077
646,1293,,,0.9762977361679077,
646,1293,1.1126304864883423,,,
,647,,,,1.0370402336120605
647,1295,,,1.0370402336120605,
647,1295,1.0687881708145142,,,
,648,,,,1.1578097343444824
648,1297,,,1.1578097343444824,
648,1297,0.9959532022476196,,,
649,1299,,0.9437918066978455,,
,649,,,,1.1274594068527222
649,1299,,,1.1274594068527222,
649,1299,1.0340195894241333,,,
,650,,,,1.0855882167816162
650,1301,,,1.0855882167816162,
650,1301,1.0484211444854736,,,
,651,,,,1.0375498533248901
651,1303,,,1.0375498533248901,
651,1303,0.9545337557792664,,,
,652,,,,1.0205259323120117
652,1305,,,1.0205259323120117,
652,1305,0.9608544707298279,,,
,653,,,,0.8671743869781494
653,1307,,,0.8671743869781494,
653,1307,1.0356571674346924,,,
,654,,,,0.9908726215362549
654,1309,,,0.9908726215362549,
654,1309,0.9737333655357361,,,
,655,,,,0.9660990834236145
655,1311,,,0.9660990834236145,
655,1311,1.102966547012329,,,
,656,,,,0.9724549651145935
656,1313,,,0.9724549651145935,
656,1313,1.0455468893051147,,,
,657,,,,0.942643404006958
657,1315,,,0.942643404006958,
657,1315,0.9375948905944824,,,
,658,,,,1.0330513715744019
658,1317,,,1.0330513715744019,
658,1317,1.1047734022140503,,,
,659,,,,0.7853031754493713
659,1319,,,0.7853031754493713,
659,1319,1.0190733671188354,,,
,660,,,,1.170605182647705
660,1321,,,1.170605182647705,
660,1321,1.0408432483673096,,,
,661,,,,1.041054129600525
661,1323,,,1.041054129600525,
661,1323,1.1461758613586426,,,
,662,,,,1.3649682998657227
662,1325,,,1.3649682998657227,
662,1325,1.1075613498687744,,,
,663,,,,1.2020843029022217
663,1327,,,1.2020843029022217,
663,1327,1.0562362670898438,,,
,664,,,,1.1642569303512573
664,1329,,,1.1642569303512573,
664,1329,0.8431695699691772,,,
,665,,,,1.0668885707855225
665,1331,,,1.0668885707855225,
665,1331,1.041456937789917,,,
,666,,,,1.1582989692687988
666,1333,,,1.1582989692687988,
666,1333,0.9640906453132629,,,
,667,,,,0.9803583025932312
667,1335,,,0.9803583025932312,
667,1335,1.0827311277389526,,,
,668,,,,1.2307732105255127
668,1337,,,1.2307732105255127,
668,1337,1.0538920164108276,,,
,669,,,,0.9489075541496277
669,1339,,,0.9489075541496277,
669,1339,0.9950137138366699,,,
,670,,,,1.3556302785873413
670,1341,,,1.3556303977966309,
670,1341,1.000001072883606,,,
,671,,,,0.8274756073951721
671,1343,,,0.8274756073951721,
671,1343,1.0341726541519165,,,
,672,,,,1.0685317516326904
672,1345,,,1.0685317516326904,
672,1345,1.0746526718139648,,,
,673,,,,1.0099692344665527
673,1347,,,1.0099692344665527,
673,1347,0.9926789999008179,,,
674,1349,,1.0045217275619507,,
,674,,,,1.009204626083374
674,1349,,,1.009204626083374,
674,1349,1.0396040678024292,,,
,675,,,,1.057173252105713
675,1351,,,1.057173252105713,
675,1351,1.102609395980835,,,
,676,,,,0.9107062816619873
676,1353,,,0.9107062816619873,
676,1353,1.0091633796691895,,,
,677,,,,1.052626609802246
677,1355,,,1.052626609802246,
677,1355,1.2363841533660889,,,
,678,,,,1.0234358310699463
678,1357,,,1.0234358310699463,
678,1357,1.0270670652389526,,,
,679,,,,0.9105861783027649
679,1359,,,0.9105861783027649,
679,1359,1.1725492477416992,,,
,680,,,,1.1845825910568237
680,1361,,,1.1845825910568237,
680,1361,0.9075866937637329,,,
,681,,,,0.996133029460907
681,1363,,,0.996133029460907,
681,1363,0.97232985496521,,,
,682,,,,1.021660327911377
682,1365,,,1.021660327911377,
682,1365,1.1717679500579834,,,
,683,,,,1.0105725526809692
683,1367,,,1.0105725526809692,
683,1367,1.025001049041748,,,
,684,,,,1.0571019649505615
684,1369,,,1.0571019649505615,
684,1369,0.9690099954605103,,,
,685,,,,1.0052341222763062
685,1371,,,1.0052341222763062,
685,1371,1.0135208368301392,,,
,686,,,,0.8815791010856628
686,1373,,,0.8815791606903076,
686,1373,1.0720382928848267,,,
,687,,,,0.917816162109375
687,1375,,,0.917816162109375,
687,1375,1.106381893157959,,,
,688,,,,0.8988157510757446
688,1377,,,0.8988157510757446,
688,1377,1.0026153326034546,,,
,689,,,,0.9050947427749634
689,1379,,,0.9050947427749634,
689,1379,1.129234790802002,,,
,690,,,,0.9697688221931458
690,1381,,,0.9697688221931458,
690,1381,0.9803393483161926,,,
,691,,,,1.2165141105651855
691,1383,,,1.2165141105651855,
691,1383,1.0127780437469482,,,
,692,,,,1.0810048580169678
692,1385,,,1.0810048580169678,
692,1385,0.9412853717803955,,,
,693,,,,1.0352060794830322
693,1387,,,1.0352060794830322,
693,1387,1.0574827194213867,,,
,694,,,,1.0139678716659546
694,1389,,,1.0139678716659546,
694,1389,1.1569617986679077,,,
,695,,,,1.0869604349136353
695,1391,,,1.0869604349136353,
695,1391,1.0843629837036133,,,
,696,,,,1.0366212129592896
696,1393,,,1.0366212129592896,
696,1393,1.032543659210205,,,
,697,,,,1.1439062356948853
697,1395,,,1.1439062356948853,
697,1395,1.0079940557479858,,,
,698,,,,1.0062403678894043
698,1397,,,1.0062403678894043,
698,1397,0.9966230988502502,,,
699,1399,,1.043358564376831,,
,699,,,,1.152300238609314
699,1399,,,1.152300238609314,
699,1399,1.0283997058868408,,,
,700,,,,1.2359914779663086
700,1401,,,1.2359914779663086,
700,1401,1.1331042051315308,,,
,701,,,,0.9295852184295654
701,1403,,,0.9295852184295654,
701,1403,1.0697399377822876,,,
,702,,,,1.2608356475830078
702,1405,,,1.2608356475830078,
702,1405,1.0227937698364258,,,
,703,,,,0.8801336884498596
703,1407,,,0.8801336884498596,
703,1407,1.0420494079589844,,,
,704,,,,1.0648008584976196
704,1409,,,1.0648008584976196,
704,1409,1.1349514722824097,,,
,705,,,,1.1993213891983032
705,1411,,,1.1993213891983032,
705,1411,1.1815730333328247,,,
,706,,,,0.9688671827316284
706,1413,,,0.9688671827316284,
706,1413,0.9904767870903015,,,
,707,,,,0.9836533069610596
707,1415,,,0.9836533069610596,
707,1415,0.9971611499786377,,,
,708,,,,1.0112175941467285
708,1417,,,1.0112175941467285,
708,1417,0.9507920145988464,,,
,709,,,,0.9779610633850098
709,1419,,,0.9779610633850098,
709,1419,1.0219299793243408,,,
,710,,,,0.959481418132782
710,1421,,,0.959481418132782,
710,1421,0.88779616355896,,,
,711,,,,1.1518127918243408
711,1423,,,1.1518127918243408,
711,1423,0.9342488050460815,,,
,712,,,,0.9077596664428711
712,1425,,,0.9077597260475159,
712,1425,0.8200260400772095,,,
,713,,,,1.2965960502624512
713,1427,,,1.2965960502624512,
713,1427,1.004441261291504,,,
,714,,,,1.0284044742584229
714,1429,,,1.0284044742584229,
714,1429,0.9828940033912659,,,
,715,,,,0.9807326197624207
715,1431,,,0.9807326793670654,
715,1431,1.0582096576690674,,,
,716,,,,1.1347370147705078
716,1433,,,1.1347370147705078,
716,1433,0.9925577044487,,,
,717,,,,1.1698421239852905
717,1435,,,1.1698421239852905,
717,1435,1.0305365324020386,,,
,718,,,,1.0117143392562866
718,1437,,,1.0117143392562866,
718,1437,1.0057586431503296,,,
,719,,,,0.8371672034263611
719,1439,,,0.8371672034263611,
719,1439,0.9406937956809998,,,
,720,,,,1.2065001726150513
720,1441,,,1.2065001726150513,
720,1441,1.0137393474578857,,,
,721,,,,1.0072953701019287
721,1443,,,1.0072953701019287,
721,1443,1.1370011568069458,,,
,722,,,,0.9676061272621155
722,1445,,,0.9676061272621155,
722,1445,1.0382494926452637,,,
,723,,,,1.1614545583724976
723,1447,,,1.1614545583724976,
723,1447,1.200264573097229,,,
724,1449,,1.0996642112731934,,
,724,,,,1.090181589126587
724,1449,,,1.090181589126587,
724,1449,1.1522129774093628,,,
,725,,,,0.9398767948150635
725,1451,,,0.9398767948150635,
725,1451,0.9801073670387268,,,
,726,,,,1.1605902910232544
726,1453,,,1.1605902910232544,
726,1453,0.9947918653488159,,,
,727,,,,1.1912459135055542
727,1455,,,1.1912459135055542,
727,1455,1.2084414958953857,,,
,728,,,,1.1117463111877441
728,1457,,,1.1117463111877441,
728,1457,1.0622193813323975,,,
,729,,,,1.175211787223816
729,1459,,,1.175211787223816,
729,1459,0.9869415163993835,,,
,730,,,,1.003603458404541
730,1461,,,1.003603458404541,
730,1461,0.9374090433120728,,,
,731,,,,1.0816069841384888
731,1463,,,1.0816069841384888,
731,1463,1.014948844909668,,,
,732,,,,0.9183341860771179
732,1465,,,0.9183341860771179,
732,1465,1.0875691175460815,,,
,733,,,,1.090625286102295
733,1467,,,1.090625286102295,
733,1467,1.0256237983703613,,,
,734,,,,1.1388517618179321
734,1469,,,1.1388517618179321,
734,1469,1.0131011009216309,,,
,735,,,,0.9805387854576111
735,1471,,,0.9805387854576111,
735,1471,1.2084951400756836,,,
,736,,,,1.13716459274292
736,1473,,,1.13716459274292,
736,1473,0.9545295834541321,,,
,737,,,,1.1010534763336182
737,1475,,,1.1010534763336182,
737,1475,1.165156364440918,,,
,738,,,,0.9791574478149414
738,1477,,,0.9791573882102966,
738,1477,1.0338473320007324,,,
,739,,,,1.1033226251602173
739,1479,,,1.1033226251602173,
739,1479,1.1348850727081299,,,
,740,,,,1.0157581567764282
740,1481,,,1.0157581567764282,
740,1481,1.162471055984497,,,
,741,,,,1.1076854467391968
741,1483,,,1.1076854467391968,
741,1483,0.9960402846336365,,,
,742,,,,1.0090110301971436
742,1485,,,1.0090110301971436,
742,1485,0.9775644540786743,,,
,743,,,,0.972740650177002
743,1487,,,0.972740650177002,
743,1487,1.1125277280807495,,,
,744,,,,1.148247480392456
744,1489,,,1.148247480392456,
744,1489,1.0913792848587036,,,
,745,,,,1.181368350982666
745,1491,,,1.181368350982666,
745,1491,0.9479852318763733,,,
,746,,,,0.9582966566085815
746,1493,,,0.9582966566085815,
746,1493,1.0249321460723877,,,
,747,,,,0.992254376411438
747,1495,,,0.9922544360160828,
747,1495,0.9500774145126343,,,
,748,,,,1.1496491432189941
748,1497,,,1.1496491432189941,
748,1497,1.0387357473373413,,,
749,1499,,1.3032920360565186,,
,749,,,,1.1484147310256958
749,1499,,,1.1484147310256958,
749,1499,1.1886565685272217,,,
,750,,,,1.2398276329040527
750,1501,,,1.2398276329040527,
750,1501,1.1324963569641113,,,
,751,,,,1.285234808921814
751,1503,,,1.285234808921814,
751,1503,1.1559593677520752,,,
,752,,,,1.123461127281189
752,1505,,,1.123461127281189,
752,1505,1.0706603527069092,,,
,753,,,,1.2215512990951538
753,1507,,,1.2215512990951538,
753,1507,1.0938524007797241,,,
,754,,,,1.0608547925949097
754,1509,,,1.0608547925949097,
754,1509,1.0575337409973145,,,
,755,,,,1.2190794944763184
755,1511,,,1.2190794944763184,
755,1511,1.0353784561157227,,,
,756,,,,0.9841504096984863
756,1513,,,0.9841504096984863,
756,1513,0.972513735294342,,,
,757,,,,1.0380603075027466
757,1515,,,1.0380603075027466,
757,1515,1.16568922996521,,,
,758,,,,1.0745617151260376
758,1517,,,1.0745617151260376,
758,1517,0.9979875087738037,,,
,759,,,,1.0373320579528809
759,1519,,,1.0373320579528809,
759,1519,1.0356087684631348,,,
,760,,,,0.85614013671875
760,1521,,,0.85614013671875,
760,1521,0.95818030834198,,,
,761,,,,1.1042739152908325
761,1523,,,1.1042739152908325,
761,1523,1.0096924304962158,,,
,762,,,,1.3857377767562866
762,1525,,,1.3857377767562866,
762,1525,1.1952576637268066,,,
,763,,,,1.1900581121444702
763,1527,,,1.1900581121444702,
763,1527,1.1274876594543457,,,
,764,,,,1.0952430963516235
764,1529,,,1.0952430963516235,
764,1529,1.0322699546813965,,,
,765,,,,1.2010945081710815
765,1531,,,1.2010945081710815,
765,1531,1.1936802864074707,,,
,766,,,,1.0609116554260254
766,1533,,,1.0609116554260254,
766,1533,0.9364103674888611,,,
,767,,,,1.1286145448684692
767,1535,,,1.1286145448684692,
767,1535,0.9332613348960876,,,
,768,,,,0.9977466464042664
768,1537,,,0.9977466464042664,
768,1537,1.0846480131149292,,,
,769,,,,1.1632068157196045
769,1539,,,1.1632068157196045,
769,1539,1.114404559135437,,,
,770,,,,0.9194383025169373
770,1541,,,0.9194383025169373,
770,1541,1.028144359588623,,,
,771,,,,0.9535236358642578
771,1543,,,0.9535236358642578,
771,1543,1.1096878051757812,,,
,772,,,,1.0791007280349731
772,1545,,,1.0791007280349731,
772,1545,1.049821376800537,,,
,773,,,,1.0365968942642212
773,1547,,,1.0365968942642212,
773,1547,1.0577079057693481,,,
774,1549,,1.2511357069015503,,
,774,,,,1.1417807340621948
774,1549,,,1.1417807340621948,
774,1549,1.209484577178955,,,
,775,,,,0.935623288154602
775,1551,,,0.9356233477592468,
775,1551,1.0565142631530762,,,
,776,,,,0.9981155395507812
776,1553,,,0.9981155395507812,
776,1553,1.0609004497528076,,,
,777,,,,1.006196141242981
777,1555,,,1.006196141242981,
777,1555,0.9959330558776855,,,
,778,,,,1.046988606452942
778,1557,,,1.046988606452942,
778,1557,1.0192010402679443,,,
,779,,,,0.9553532004356384
779,1559,,,0.9553531408309937,
779,1559,1.1361442804336548,,,
,780,,,,1.0691108703613281
780,1561,,,1.0691108703613281,
780,1561,1.014888882637024,,,
,781,,,,0.93986976146698
781,1563,,,0.93986976146698,
781,1563,1.0903664827346802,,,
,782,,,,0.932546079158783
782,1565,,,0.932546079158783,
782,1565,1.033457636833191,,,
,783,,,,1.1654800176620483
783,1567,,,1.1654800176620483,
783,1567,1.080270528793335,,,
,784,,,,0.7830811738967896
784,1569,,,0.7830812335014343,
784,1569,1.1094903945922852,,,
,785,,,,1.2685788869857788
785,1571,,,1.2685788869857788,
785,1571,0.9591794013977051,,,
,786,,,,0.954065203666687
786,1573,,,0.9540651440620422,
786,1573,1.1511074304580688,,,
,787,,,,0.9871447086334229
787,1575,,,0.9871447086334229,
787,1575,1.1082642078399658,,,
,788,,,,1.1589730978012085
788,1577,,,1.1589730978012085,
788,1577,1.0535151958465576,,,
,789,,,,1.23222017288208
789,1579,,,1.23222017288208,
789,1579,1.0459356307983398,,,
,790,,,,0.9280225038528442
790,1581,,,0.928022563457489,
790,1581,1.041709542274475,,,
,791,,,,1.0399705171585083
791,1583,,,1.0399705171585083,
791,1583,1.0643999576568604,,,
,792,,,,0.9508166909217834
792,1585,,,0.9508167505264282,
792,1585,1.047998070716858,,,
,793,,,,1.0405895709991455
793,1587,,,1.0405895709991455,
793,1587,1.1466140747070312,,,
,794,,,,1.04631507396698
794,1589,,,1.04631507396698,
794,1589,1.0860589742660522,,,
,795,,,,1.0092130899429321
795,1591,,,1.0092130899429321,
795,1591,1.020740032196045,,,
,796,,,,0.9891461133956909
796,1593,,,0.9891461133956909,
796,1593,1.0152150392532349,,,
,797,,,,0.9314111471176147
797,1595,,,0.9314111471176147,
797,1595,1.0742371082305908,,,
,798,,,,1.3159565925598145
798,1597,,,1.3159565925598145,
798,1597,1.0264058113098145,,,
799,1599,,1.0253812074661255,,
,799,,,,1.0225459337234497
799,1599,,,1.0225459337234497,
799,1599,1.0082874298095703,,,
,800,,,,1.009117841720581
800,1601,,,1.009117841720581,
800,1601,1.0222618579864502,,,
,801,,,,1.1357229948043823
801,1603,,,1.1357229948043823,
801,1603,1.0251374244689941,,,
,802,,,,0.921008825302124
802,1605,,,0.921008825302124,
802,1605,1.0119624137878418,,,
,803,,,,1.1129257678985596
803,1607,,,1.1129257678985596,
803,1607,0.9801183938980103,,,
,804,,,,1.196029543876648
804,1609,,,1.196029543876648,
804,1609,1.0098415613174438,,,
,805,,,,0.9020883440971375
805,1611,,,0.9020883440971375,
805,1611,1.0047084093093872,,,
,806,,,,0.898895263671875
806,1613,,,0.898895263671875,
806,1613,1.0054945945739746,,,
,807,,,,0.8710900545120239
807,1615,,,0.8710901141166687,
807,1615,0.9638758897781372,,,
,808,,,,0.9570087790489197
808,1617,,,0.9570087194442749,
808,1617,1.0953384637832642,,,
,809,,,,0.9813845753669739
809,1619,,,0.9813845753669739,
809,1619,1.086743712425232,,,
,810,,,,1.0896103382110596
810,1621,,,1.0896103382110596,
810,1621,0.9864611625671387,,,
,811,,,,1.060624122619629
811,1623,,,1.060624122619629,
811,1623,1.0487757921218872,,,
,812,,,,1.1110578775405884
812,1625,,,1.1110578775405884,
812,1625,0.9552422165870667,,,
,813,,,,0.8372909426689148
813,1627,,,0.8372909426689148,
813,1627,1.0587966442108154,,,
,814,,,,0.9139971137046814
814,1629,,,0.9139971137046814,
814,1629,0.9834213256835938,,,
,815,,,,0.9648541808128357
815,1631,,,0.9648541808128357,
815,1631,1.036557674407959,,,
,816,,,,1.0487239360809326
816,1633,,,1.0487239360809326,
816,1633,1.1882319450378418,,,
,817,,,,1.1914260387420654
817,1635,,,1.1914260387420654,
817,1635,1.081976294517517,,,
,818,,,,0.955547571182251
818,1637,,,0.955547571182251,
818,1637,1.000578761100769,,,
,819,,,,1.0999380350112915
819,1639,,,1.0999380350112915,
819,1639,1.064792275428772,,,
,820,,,,0.8974224925041199
820,1641,,,0.8974224925041199,
820,1641,1.0378955602645874,,,
,821,,,,1.1637670993804932
821,1643,,,1.1637670993804932,
821,1643,1.0188041925430298,,,
,822,,,,1.0457295179367065
822,1645,,,1.0457295179367065,
822,1645,0.992442786693573,,,
,823,,,,1.0643051862716675
823,1647,,,1.0643051862716675,
823,1647,1.175013542175293,,,
824,1649,,0.8984922170639038,,
,824,,,,1.039358139038086
824,1649,,,1.039358139038086,
824,1649,0.9813989400863647,,,
,825,,,,1.193282961845398
825,1651,,,1.193282961845398,
825,1651,1.0171561241149902,,,
,826,,,,0.9404894113540649
826,1653,,,0.9404894113540649,
826,1653,1.0659312009811401,,,
,827,,,,1.0614980459213257
827,1655,,,1.0614980459213257,
827,1655,0.9840223789215088,,,
,828,,,,1.0745340585708618
828,1657,,,1.0745340585708618,
828,1657,0.9488427639007568,,,
,829,,,,1.1687055826187134
829,1659,,,1.1687055826187134,
829,1659,1.0390549898147583,,,
,830,,,,1.0225156545639038
830,1661,,,1.0225156545639038,
830,1661,1.0391058921813965,,,
,831,,,,1.2375270128250122
831,1663,,,1.2375270128250122,
831,1663,0.9508247375488281,,,
,832,,,,1.174909234046936
832,1665,,,1.174909234046936,
832,1665,1.0891506671905518,,,
,833,,,,1.2945449352264404
833,1667,,,1.2945449352264404,
833,1667,1.1151467561721802,,,
,834,,,,1.2351734638214111
834,1669,,,1.2351734638214111,
834,1669,0.9796188473701477,,,
,835,,,,0.9499614834785461
835,1671,,,0.9499614834785461,
835,1671,1.0457103252410889,,,
,836,,,,1.1316170692443848
836,1673,,,1.1316170692443848,
836,1673,1.0695083141326904,,,
,837,,,,0.9276908040046692
837,1675,,,0.9276908040046692,
837,1675,1.0994017124176025,,,
,838,,,,0.9002175331115723
838,1677,,,0.9002175331115723,
838,1677,0.9975866675376892,,,
,839,,,,1.1428083181381226
839,1679,,,1.1428083181381226,
839,1679,0.995130181312561,,,
,840,,,,0.8871451020240784
840,1681,,,0.8871451020240784,
840,1681,0.9679442644119263,,,
,841,,,,1.0555150508880615
841,1683,,,1.0555150508880615,
841,1683,1.0556720495224,,,
,842,,,,1.1726926565170288
842,1685,,,1.1726926565170288,
842,1685,1.117956280708313,,,
,843,,,,0.9796122312545776
843,1687,,,0.9796121716499329,
843,1687,0.9498184323310852,,,
,844,,,,0.9071165323257446
844,1689,,,0.9071165323257446,
844,1689,1.0388911962509155,,,
,845,,,,0.8551939725875854
845,1691,,,0.8551939129829407,
845,1691,0.9485948085784912,,,
,846,,,,1.0943384170532227
846,1693,,,1.0943384170532227,
846,1693,0.9950063824653625,,,
,847,,,,1.0315334796905518
847,1695,,,1.0315334796905518,
847,1695,1.0672942399978638,,,
,848,,,,1.200097680091858
848,1697,,,1.200097680091858,
848,1697,1.123507022857666,,,
849,1699,,1.0106399059295654,,
,849,,,,0.9117471575737
849,1699,,,0.9117471575737,
849,1699,1.1523940563201904,,,
,850,,,,0.8203282952308655
850,1701,,,0.8203282952308655,
850,1701,1.1492602825164795,,,
,851,,,,0.9820473194122314
851,1703,,,0.9820473194122314,
851,1703,1.0730409622192383,,,
,852,,,,1.0631394386291504
852,1705,,,1.0631394386291504,
852,1705,1.0931639671325684,,,
,853,,,,1.2137203216552734
853,1707,,,1.2137203216552734,
853,1707,1.0317012071609497,,,
,854,,,,1.1638447046279907
854,1709,,,1.1638447046279907,
854,1709,1.0902647972106934,,,
,855,,,,0.9471662640571594
855,1711,,,0.9471662640571594,
855,1711,1.019182562828064,,,
,856,,,,1.027312994003296
856,1713,,,1.027312994003296,
856,1713,1.0184358358383179,,,
,857,,,,1.0142521858215332
857,1715,,,1.0142521858215332,
857,1715,1.1626958847045898,,,
,858,,,,0.9801226258277893
858,1717,,,0.9801226258277893,
858,1717,1.0648139715194702,,,
,859,,,,1.1723676919937134
859,1719,,,1.1723676919937134,
859,1719,0.9612977504730225,,,
,860,,,,1.1054853200912476
860,1721,,,1.1054853200912476,
860,1721,1.1110976934432983,,,
,861,,,,1.1065692901611328
861,1723,,,1.1065692901611328,
861,1723,1.029667854309082,,,
,862,,,,1.0072214603424072
862,1725,,,1.0072214603424072,
862,1725,0.9936953186988831,,,
,863,,,,1.1246647834777832
863,1727,,,1.1246647834777832,
863,1727,1.089260220527649,,,
,864,,,,1.169860601425171
864,1729,,,1.169860601425171,
864,1729,0.9959725141525269,,,
,865,,,,1.1589200496673584
865,1731,,,1.1589200496673584,
865,1731,0.9965071082115173,,,
,866,,,,1.128806471824646
866,1733,,,1.128806471824646,
866,1733,1.0614804029464722,,,
,867,,,,0.9326144456863403
867,1735,,,0.9326144456863403,
867,1735,0.9670194983482361,,,
,868,,,,1.0994277000427246
868,1737,,,1.0994277000427246,
868,1737,1.0317822694778442,,,
,869,,,,1.0375573635101318
869,1739,,,1.0375573635101318,
869,1739,1.006810188293457,,,
,870,,,,0.9053807854652405
870,1741,,,0.9053807854652405,
870,1741,1.0254263877868652,,,
,871,,,,0.9047471284866333
871,1743,,,0.9047471880912781,
871,1743,1.0803126096725464,,,
,872,,,,0.9874821901321411
872,1745,,,0.9874822497367859,
872,1745,0.956455409526825,,,
,873,,,,1.0997426509857178
873,1747,,,1.0997426509857178,
873,1747,1.1249775886535645,,,
874,1749,,1.0881826877593994,,
,874,,,,1.0214588642120361
874,1749,,,1.0214588642120361,
874,1749,1.0427899360656738,,,
,875,,,,1.0096304416656494
875,1751,,,1.0096304416656494,
875,1751,0.9377937316894531,,,
,876,,,,1.252995491027832
876,1753,,,1.252995491027832,
876,1753,1.025984764099121,,,
,877,,,,0.8827160596847534
877,1755,,,0.8827160596847534,
877,1755,0.9803100824356079,,,
,878,,,,1.0194233655929565
878,1757,,,1.0194233655929565,
878,1757,1.230339527130127,,,
,879,,,,0.9809411764144897
879,1759,,,0.9809411764144897,
879,1759,0.9955310821533203,,,
,880,,,,0.9960843324661255
880,1761,,,0.9960843920707703,
880,1761,1.0357780456542969,,,
,881,,,,1.1239064931869507
881,1763,,,1.1239064931869507,
881,1763,1.131736397743225,,,
,882,,,,1.1012883186340332
882,1765,,,1.1012883186340332,
882,1765,1.057826280593872,,,
,883,,,,1.2375519275665283
883,1767,,,1.2375519275665283,
883,1767,1.0223586559295654,,,
,884,,,,1.0664879083633423
884,1769,,,1.0664879083633423,
884,1769,1.081413984298706,,,
,885,,,,1.0341734886169434
885,1771,,,1.0341734886169434,
885,1771,1.1686996221542358,,,
,886,,,,1.017447829246521
886,1773,,,1.017447829246521,
886,1773,1.0705552101135254,,,
,887,,,,0.9155136346817017
887,1775,,,0.9155136346817017,
887,1775,1.0938018560409546,,,
,888,,,,1.1851052045822144
888,1777,,,1.1851052045822144,
888,1777,1.200835108757019,,,
,889,,,,1.111392617225647
889,1779,,,1.111392617225647,
889,1779,0.9616267681121826,,,
,890,,,,1.1855112314224243
890,1781,,,1.1855112314224243,
890,1781,1.1010499000549316,,,
,891,,,,1.074985384941101
891,1783,,,1.074985384941101,
891,1783,1.0838768482208252,,,
,892,,,,1.22337806224823
892,1785,,,1.22337806224823,
892,1785,0.9043227434158325,,,
,893,,,,1.048573613166809
893,1787,,,1.048573613166809,
893,1787,1.042435646057129,,,
,894,,,,0.9865466356277466
894,1789,,,0.9865466356277466,
894,1789,1.0924656391143799,,,
,895,,,,1.061755895614624
895,1791,,,1.061755895614624,
895,1791,1.0004595518112183,,,
,896,,,,1.129645824432373
896,1793,,,1.129645824432373,
896,1793,1.1966551542282104,,,
,897,,,,0.875093400478363
897,1795,,,0.875093400478363,
897,1795,0.966372549533844,,,
,898,,,,0.9443672299385071
898,1797,,,0.9443672299385071,
898,1797,0.992088794708252,,,
899,1799,,1.0608280897140503,,
,899,,,,1.0525332689285278
899,1799,,,1.0525332689285278,
899,1799,0.9998971819877625,,,
,900,,,,0.8655228614807129
900,1801,,,0.8655228614807129,
900,1801,0.9736918807029724,,,
,901,,,,0.9797374606132507
901,1803,,,0.9797374606132507,
901,1803,0.9039860367774963,,,
,902,,,,1.1360194683074951
902,1805,,,1.1360194683074951,
902,1805,1.0457186698913574,,,
,903,,,,1.092047095298767
903,1807,,,1.092047095298767,
903,1807,1.026160717010498,,,
,904,,,,1.0291922092437744
904,1809,,,1.0291922092437744,
904,1809,1.0435963869094849,,,
,905,,,,0.9863793253898621
905,1811,,,0.9863793253898621,
905,1811,0.9700086712837219,,,
,906,,,,0.7292956709861755
906,1813,,,0.7292956709861755,
906,1813,1.1143507957458496,,,
,907,,,,1.3208774328231812
907,1815,,,1.3208774328231812,
907,1815,0.9945829510688782,,,
,908,,,,1.1365236043930054
908,1817,,,1.1365236043930054,
908,1817,0.9956458806991577,,,
,909,,,,1.1699789762496948
909,1819,,,1.1699789762496948,
909,1819,1.0711270570755005,,,
,910,,,,1.15147066116333
910,1821,,,1.15147066116333,
910,1821,1.1176912784576416,,,
,911,,,,1.055997610092163
911,1823,,,1.055997610092163,
911,1823,0.9562950134277344,,,
,912,,,,1.0035241842269897
912,1825,,,1.0035241842269897,
912,1825,1.0922493934631348,,,
,913,,,,1.086727499961853
913,1827,,,1.086727499961853,
913,1827,0.9931360483169556,,,
,914,,,,0.9783640503883362
914,1829,,,0.9783640503883362,
914,1829,0.9985273480415344,,,
,915,,,,1.3105024099349976
915,1831,,,1.310502529144287,
915,1831,1.0523040294647217,,,
,916,,,,1.0669841766357422
916,1833,,,1.0669841766357422,
916,1833,1.0606175661087036,,,
,917,,,,1.0913848876953125
917,1835,,,1.0913848876953125,
917,1835,1.2019495964050293,,,
,918,,,,0.9904420375823975
918,1837,,,0.9904420375823975,
918,1837,1.0537664890289307,,,
,919,,,,1.1884344816207886
919,1839,,,1.1884344816207886,
919,1839,1.1106290817260742,,,
,920,,,,1.27022385597229
920,1841,,,1.27022385597229,
920,1841,1.0064541101455688,,,
,921,,,,1.0036678314208984
921,1843,,,1.0036678314208984,
921,1843,1.0155062675476074,,,
,922,,,,1.116170883178711
922,1845,,,1.116170883178711,
922,1845,1.0723059177398682,,,
,923,,,,1.1916052103042603
923,1847,,,1.1916052103042603,
923,1847,1.0389195680618286,,,
924,1849,,1.1031025648117065,,
,924,,,,0.9795976281166077
924,1849,,,0.9795976281166077,
924,1849,0.9967406988143921,,,
,925,,,,1.2173941135406494
925,1851,,,1.2173941135406494,
925,1851,1.1274113655090332,,,
,926,,,,1.2632747888565063
926,1853,,,1.2632747888565063,
926,1853,1.0966413021087646,,,
,927,,,,1.1720229387283325
927,1855,,,1.1720229387283325,
927,1855,1.0437126159667969,,,
,928,,,,1.115452527999878
928,1857,,,1.115452527999878,
928,1857,1.1173802614212036,,,
,929,,,,0.9203194379806519
929,1859,,,0.9203194379806519,
929,1859,0.9940433502197266,,,
,930,,,,1.0431921482086182
930,1861,,,1.0431921482086182,
930,1861,1.0267366170883179,,,
,931,,,,1.0953359603881836
931,1863,,,1.0953359603881836,
931,1863,0.9426237344741821,,,
,932,,,,1.0868581533432007
932,1865,,,1.0868581533432007,
932,1865,1.0518708229064941,,,
,933,,,,1.1181831359863281
933,1867,,,1.1181831359863281,
933,1867,0.9905542135238647,,,
,934,,,,0.9881486892700195
934,1869,,,0.9881486296653748,
934,1869,1.039523959159851,,,
,935,,,,1.1553477048873901
935,1871,,,1.1553477048873901,
935,1871,1.2093377113342285,,,
,936,,,,1.0894577503204346
936,1873,,,1.0894577503204346,
936,1873,1.0741008520126343,,,
,937,,,,1.1173237562179565
937,1875,,,1.1173237562179565,
937,1875,0.9793294668197632,,,
,938,,,,1.1088021993637085
938,1877,,,1.1088021993637085,
938,1877,1.0226348638534546,,,
,939,,,,0.9865620136260986
939,1879,,,0.9865620136260986,
939,1879,0.9700267910957336,,,
,940,,,,1.052833914756775
940,1881,,,1.052833914756775,
940,1881,1.0029220581054688,,,
,941,,,,1.2486305236816406
941,1883,,,1.2486305236816406,
941,1883,1.018571376800537,,,
,942,,,,1.0724499225616455
942,1885,,,1.0724499225616455,
942,1885,1.1317052841186523,,,
,943,,,,1.0454130172729492
943,1887,,,1.0454130172729492,
943,1887,0.9122836589813232,,,
,944,,,,1.0656311511993408
944,1889,,,1.0656311511993408,
944,1889,1.0608001947402954,,,
,945,,,,1.1336050033569336
945,1891,,,1.1336050033569336,
945,1891,1.0371333360671997,,,
,946,,,,0.946332573890686
946,1893,,,0.946332573890686,
946,1893,1.1334470510482788,,,
,947,,,,0.9149573445320129
947,1895,,,0.9149573445320129,
947,1895,1.1170203685760498,,,
,948,,,,1.1536858081817627
948,1897,,,1.1536858081817627,
948,1897,1.1254894733428955,,,
949,1899,,0.92416912317276,,
,949,,,,0.8913291692733765
949,1899,,,0.8913291692733765,
949,1899,0.9874743819236755,,,
,950,,,,1.1421964168548584
950,1901,,,1.1421964168548584,
950,1901,1.166914463043213,,,
,951,,,,1.0506335496902466
951,1903,,,1.0506335496902466,
951,1903,0.9319404363632202,,,
,952,,,,0.9932295083999634
952,1905,,,0.9932295083999634,
952,1905,1.1207224130630493,,,
,953,,,,1.366848349571228
953,1907,,,1.366848349571228,
953,1907,0.943732738494873,,,
,954,,,,0.9108360409736633
954,1909,,,0.9108360409736633,
954,1909,0.9105200171470642,,,
,955,,,,1.0345442295074463
955,1911,,,1.0345442295074463,
955,1911,1.0779457092285156,,,
,956,,,,0.9278140068054199
956,1913,,,0.9278140068054199,
956,1913,1.0309139490127563,,,
,957,,,,0.9192779660224915
957,1915,,,0.9192779660224915,
957,1915,0.8959457278251648,,,
,958,,,,1.1080784797668457
958,1917,,,1.1080784797668457,
958,1917,0.9660861492156982,,,
,959,,,,1.2067818641662598
959,1919,,,1.2067818641662598,
959,1919,1.0276492834091187,,,
,960,,,,1.0973008871078491
960,1921,,,1.0973008871078491,
960,1921,1.1311198472976685,,,
,961,,,,0.7796018123626709
961,1923,,,0.7796018123626709,
961,1923,0.8989013433456421,,,
,962,,,,1.2011820077896118
962,1925,,,1.2011820077896118,
962,1925,1.1775715351104736,,,
,963,,,,1.1283502578735352
963,1927,,,1.1283502578735352,
963,1927,0.93932044506073,,,
,964,,,,1.3374196290969849
964,1929,,,1.3374196290969849,
964,1929,0.9814697504043579,,,
,965,,,,0.9748908877372742
965,1931,,,0.9748908877372742,
965,1931,1.0572642087936401,,,
,966,,,,0.9508883953094482
966,1933,,,0.9508883953094482,
966,1933,1.147720217704773,,,
,967,,,,1.0669268369674683
967,1935,,,1.0669268369674683,
967,1935,0.9890010356903076,,,
,968,,,,0.8938543200492859
968,1937,,,0.8938543200492859,
968,1937,1.0891965627670288,,,
,969,,,,1.071606159210205
969,1939,,,1.071606159210205,
969,1939,0.9220758676528931,,,
,970,,,,1.0479259490966797
970,1941,,,1.0479259490966797,
970,1941,1.0500245094299316,,,
,971,,,,1.114209771156311
971,1943,,,1.114209771156311,
971,1943,0.9427978992462158,,,
,972,,,,1.1953552961349487
972,1945,,,1.1953552961349487,
972,1945,1.1195107698440552,,,
,973,,,,1.0948783159255981
973,1947,,,1.0948783159255981,
973,1947,1.0614246129989624,,,
974,1949,,1.0435179471969604,,
,974,,,,1.0672941207885742
974,1949,,,1.0672941207885742,
974,1949,1.0468980073928833,,,
,975,,,,1.0557941198349
975,1951,,,1.0557941198349,
975,1951,1.0811457633972168,,,
,976,,,,1.02626633644104
976,1953,,,1.02626633644104,
976,1953,0.9111230969429016,,,
,977,,,,1.128719687461853
977,1955,,,1.128719687461853,
977,1955,1.107975959777832,,,
,978,,,,1.0424820184707642
978,1957,,,1.0424820184707642,
978,1957,1.0475475788116455,,,
,979,,,,1.1975797414779663
979,1959,,,1.1975797414779663,
979,1959,1.2001022100448608,,,
,980,,,,1.1071299314498901
980,1961,,,1.1071299314498901,
980,1961,1.078515648841858,,,
,981,,,,0.9181892275810242
981,1963,,,0.9181892275810242,
981,1963,0.9580390453338623,,,
,982,,,,0.7829585075378418
982,1965,,,0.7829585075378418,
982,1965,1.0186532735824585,,,
,983,,,,1.0621933937072754
983,1967,,,1.0621933937072754,
983,1967,1.1154202222824097,,,
,984,,,,0.988309919834137
984,1969,,,0.988309919834137,
984,1969,1.1507487297058105,,,
,985,,,,0.9393448233604431
985,1971,,,0.9393447637557983,
985,1971,1.1288537979125977,,,
,986,,,,0.7526299953460693
986,1973,,,0.7526299953460693,
986,1973,1.0313799381256104,,,
,987,,,,1.0028228759765625
987,1975,,,1.0028228759765625,
987,1975,1.0251061916351318,,,
,988,,,,1.0054277181625366
988,1977,,,1.0054277181625366,
988,1977,0.9036039113998413,,,
,989,,,,0.9902281761169434
989,1979,,,0.9902281761169434,
989,1979,1.0812327861785889,,,
,990,,,,1.0787464380264282
990,1981,,,1.0787464380264282,
990,1981,1.0314555168151855,,,
,991,,,,1.0599181652069092
991,1983,,,1.0599181652069092,
991,1983,0.9975329041481018,,,
,992,,,,0.9062327146530151
992,1985,,,0.9062326550483704,
992,1985,1.0209959745407104,,,
,993,,,,0.8972896933555603
993,1987,,,0.8972896337509155,
993,1987,0.9857895374298096,,,
,994,,,,0.9069278836250305
994,1989,,,0.9069278836250305,
994,1989,0.9315825700759888,,,
,995,,,,1.1345926523208618
995,1991,,,1.1345926523208618,
995,1991,1.1003241539001465,,,
,996,,,,1.1098759174346924
996,1993,,,1.1098759174346924,
996,1993,0.9018188714981079,,,
,997,,,,1.1622958183288574
997,1995,,,1.1622958183288574,
997,1995,0.9733573198318481,,,
,998,,,,1.0126760005950928
998,1997,,,1.0126760005950928,
998,1997,1.0089268684387207,,,
999,1999,,1.1895813941955566,,
,999,,,,1.2416057586669922
999,1999,,,1.2416057586669922,
999,1999,1.0200234651565552,,,
